{
  "parameters": {
    "iterations": 200,
    "depth": 3,
    "learning_rate": 0.05,
    "l2_leaf_reg": 5.0,
    "min_data_in_leaf": 40,
    "bootstrap_type": "Bernoulli",
    "subsample": 0.7,
    "auto_class_weights": "Balanced",
    "random_seed": 42,
    "verbose": 0
  },
  "model_type": "binary_classifier",
  "target_definition": "top 25% / bottom 25% return in 10d (neutral zone)",
  "training_samples": 6707,
  "positive_rate": 0.5068,
  "cv_auc_mean": null,
  "cv_auc_std": null,
  "purging_days": 10,
  "train_auc": 0.789,
  "test_auc": 0.5157,
  "test_logloss": 0.7287,
  "overfit_gap": 0.2733,
  "quality_pass": false,
  "training_duration": 0.4,
  "saved_at": "2026-06-27T17:11:39.026289",
  "model_version": "catboost_v20260627_171139",
  "feature_importances": [
    [
      "ema130_ratio",
      12.033371
    ],
    [
      "bb_width",
      10.597998
    ],
    [
      "low_52w_ratio",
      10.47001
    ],
    [
      "macd_diff",
      7.484853
    ],
    [
      "mfi",
      5.287972
    ],
    [
      "atr_ratio",
      5.056875
    ],
    [
      "rs_vs_mkt_3m",
      4.704988
    ],
    [
      "mom_accel",
      4.613335
    ],
    [
      "high_52w_ratio",
      3.952079
    ],
    [
      "bullish_fractal_5d",
      3.226201
    ],
    [
      "vix_level",
      3.197813
    ],
    [
      "rs_vs_mkt_6m",
      2.75811
    ],
    [
      "macd_slope_5d",
      2.735412
    ],
    [
      "adx",
      2.390026
    ],
    [
      "csi300_1m",
      2.109291
    ],
    [
      "bb_position",
      1.989392
    ],
    [
      "gold_1m",
      1.806885
    ],
    [
      "price_sma_5_ratio",
      1.783813
    ],
    [
      "oil_1m",
      1.682679
    ],
    [
      "nasdaq_1m",
      1.539682
    ],
    [
      "vzo",
      1.482246
    ],
    [
      "sp500_1m",
      1.462095
    ],
    [
      "tnx_change_1m",
      1.386834
    ],
    [
      "rsi",
      1.256888
    ],
    [
      "yield_spread",
      1.215667
    ],
    [
      "obv_trend",
      1.118617
    ],
    [
      "tnx_level",
      1.078766
    ],
    [
      "fisher",
      0.870872
    ],
    [
      "cci_pct",
      0.537499
    ],
    [
      "vix_change_5d",
      0.169731
    ]
  ],
  "calibration": [
    0.09911119884673725,
    0.19758840179435425,
    0.22625032149616756,
    0.2462334090173342,
    0.2614569756801916,
    0.2744659068606167,
    0.28723388862929417,
    0.29888618346002394,
    0.3077096520011182,
    0.3167837140506159,
    0.3253393962186924,
    0.3357357963647868,
    0.345536377769659,
    0.35379245610537385,
    0.36308081241513335,
    0.3698359784126785,
    0.3764375150222575,
    0.3819818429293297,
    0.38808491589484384,
    0.395483252593306,
    0.4011824348622899,
    0.4068449606560983,
    0.4129366874524431,
    0.41761005864875583,
    0.4222575909552849,
    0.4269825120155929,
    0.43200307826072143,
    0.43578472941689794,
    0.4407347307427892,
    0.44492465387194846,
    0.4489747904227187,
    0.45315917068233263,
    0.4572651305751232,
    0.46042209603818285,
    0.463601185178897,
    0.4668623282868275,
    0.47019654644418457,
    0.47377744927936283,
    0.476099433240632,
    0.4793614408346944,
    0.4821462118020349,
    0.4850105920763935,
    0.48787438274957184,
    0.4909420658021629,
    0.4937444609450522,
    0.4962209303410717,
    0.49909582942565184,
    0.5019012802285736,
    0.5048793977162725,
    0.507679470298918,
    0.5098610090728644,
    0.5120818214245997,
    0.5151613587319195,
    0.5184715927527505,
    0.5217449239856995,
    0.5249606502506421,
    0.527646619203243,
    0.5304168277457104,
    0.5330942454107778,
    0.5355482367329101,
    0.5383615872732762,
    0.5415989657496798,
    0.5441367805415681,
    0.547644458284767,
    0.5506711644049866,
    0.5534978808684213,
    0.5560531616439417,
    0.5596488757772531,
    0.5629041677913577,
    0.5653619690759258,
    0.5689976600871093,
    0.5719054258300752,
    0.5751530032837289,
    0.5778627622680141,
    0.5806184591499458,
    0.5842854899041572,
    0.588201233647518,
    0.591971335567727,
    0.59545865944288,
    0.5989787009278403,
    0.6031074613218942,
    0.6063934016615022,
    0.6102336201610008,
    0.615162820828795,
    0.6198090935400197,
    0.6231337490849463,
    0.6272908106728835,
    0.6325283227199867,
    0.6382016419509303,
    0.642341549210837,
    0.6497554250182552,
    0.6553838579407193,
    0.6616266890614829,
    0.6699298289102421,
    0.6805434737571857,
    0.688567463715625,
    0.6990667428961816,
    0.711748105011207,
    0.7312100353305316,
    0.768743889307211,
    0.8273369329921487
  ],
  "tune_log": null
}