{
  "parameters": {
    "iterations": 200,
    "depth": 3,
    "learning_rate": 0.05,
    "l2_leaf_reg": 5.0,
    "min_data_in_leaf": 40,
    "bootstrap_type": "Bernoulli",
    "subsample": 0.7,
    "auto_class_weights": "Balanced",
    "random_seed": 42,
    "verbose": 0
  },
  "model_type": "binary_classifier",
  "target_definition": "top 25% / bottom 25% return in 10d (neutral zone)",
  "training_samples": 20792,
  "positive_rate": 0.5068,
  "cv_auc_mean": 0.5209,
  "cv_auc_std": 0.0406,
  "purging_days": 10,
  "train_auc": 0.7063,
  "test_auc": 0.5429,
  "test_logloss": 0.6993,
  "overfit_gap": 0.1634,
  "quality_pass": true,
  "training_duration": 2.6,
  "saved_at": "2026-06-24T08:38:54.596616",
  "model_version": "catboost_v20260624_083854",
  "feature_importances": [
    [
      "low_52w_ratio",
      10.129521
    ],
    [
      "ema130_ratio",
      8.072587
    ],
    [
      "adx",
      6.429899
    ],
    [
      "bullish_fractal_5d",
      6.391441
    ],
    [
      "high_52w_ratio",
      6.299977
    ],
    [
      "atr_ratio",
      6.032059
    ],
    [
      "rs_vs_mkt_3m",
      5.833818
    ],
    [
      "rs_vs_mkt_6m",
      5.069264
    ],
    [
      "gold_1m",
      5.0631
    ],
    [
      "yield_spread",
      3.937446
    ],
    [
      "mfi",
      3.737741
    ],
    [
      "bb_width",
      3.578344
    ],
    [
      "fisher",
      3.349892
    ],
    [
      "vix_change_5d",
      2.836361
    ],
    [
      "bb_position",
      2.738354
    ],
    [
      "nasdaq_1m",
      2.615394
    ],
    [
      "mom_accel",
      2.55699
    ],
    [
      "price_sma_5_ratio",
      2.51287
    ],
    [
      "vzo",
      2.291804
    ],
    [
      "vix_level",
      1.869768
    ],
    [
      "sp500_1m",
      1.76172
    ],
    [
      "csi300_1m",
      1.68387
    ],
    [
      "tnx_level",
      1.231731
    ],
    [
      "macd_diff",
      1.061317
    ],
    [
      "macd_slope_5d",
      0.853579
    ],
    [
      "tnx_change_1m",
      0.631646
    ],
    [
      "oil_1m",
      0.57236
    ],
    [
      "obv_trend",
      0.309014
    ],
    [
      "rsi",
      0.29116
    ],
    [
      "cci_pct",
      0.256974
    ]
  ],
  "calibration": [
    0.13716680105280568,
    0.3033019354284284,
    0.33939753574823694,
    0.3573113932502105,
    0.36941576939370246,
    0.38047751900797644,
    0.3877882278701644,
    0.39490502916603704,
    0.40092273489410346,
    0.40586455514632447,
    0.4109839245400636,
    0.41512047032538774,
    0.4188331769667797,
    0.42252878396470933,
    0.4258903767947933,
    0.42890512941310927,
    0.431829304759732,
    0.4349676426882475,
    0.43780232018993004,
    0.4406013356733349,
    0.44336001777467077,
    0.4455893591870161,
    0.4480793398897979,
    0.45031136303426933,
    0.45262356727423564,
    0.45471619984190076,
    0.4569074477753075,
    0.4591234229776562,
    0.4613125956064156,
    0.46318454581270574,
    0.4651864068332805,
    0.4674764221562007,
    0.4693750982418827,
    0.4712974081315179,
    0.47326597052146524,
    0.4752993414897252,
    0.477044885696264,
    0.47873649238099925,
    0.48044463565374085,
    0.4825625518130024,
    0.48431975056358856,
    0.4862947305443247,
    0.4879933653254937,
    0.48982402818343784,
    0.49176086516676915,
    0.4933189892656375,
    0.4949476771828559,
    0.49692993017834536,
    0.499051606543613,
    0.5008341341304571,
    0.5027114931529852,
    0.50441409450898,
    0.5060654352190279,
    0.5077709804998075,
    0.5094697141316558,
    0.5113724875302704,
    0.5134197447743498,
    0.5152057700654489,
    0.5170083690746315,
    0.5188633167476064,
    0.5207141176701621,
    0.5223798168632626,
    0.5242711905328588,
    0.5262240146452728,
    0.5282578005759305,
    0.5301789080606235,
    0.5322784099531965,
    0.5342359145340689,
    0.5364275842909948,
    0.538773783340009,
    0.5407738334472647,
    0.54327005311123,
    0.5456416009397332,
    0.5479926647365236,
    0.5506912679962966,
    0.5533075408282322,
    0.5560933616870894,
    0.5587908671739787,
    0.5614366016803949,
    0.5644375279893886,
    0.5670938285194279,
    0.5703115364281222,
    0.5730373208656718,
    0.5759887263574861,
    0.5792170200663233,
    0.582372385233825,
    0.5859736278988201,
    0.5898464279932583,
    0.594684681881295,
    0.599574269120058,
    0.6047940825564072,
    0.6102858038745147,
    0.6153259876805518,
    0.6219161784477695,
    0.6283222848441451,
    0.6365240853123343,
    0.645466817698352,
    0.6564497432751422,
    0.6719462721911326,
    0.6995412466389831,
    0.8601486724731376
  ],
  "tune_log": null
}