{
  "parameters": {
    "iterations": 200,
    "depth": 3,
    "learning_rate": 0.05,
    "l2_leaf_reg": 5.0,
    "min_data_in_leaf": 40,
    "bootstrap_type": "Bernoulli",
    "subsample": 0.7,
    "auto_class_weights": "Balanced",
    "random_seed": 42,
    "verbose": 0
  },
  "model_type": "binary_classifier",
  "target_definition": "top 25% / bottom 25% return in 10d (neutral zone)",
  "training_samples": 645,
  "positive_rate": 0.5721,
  "cv_auc_mean": null,
  "cv_auc_std": null,
  "purging_days": 10,
  "train_auc": 0.9827,
  "test_auc": 0.637,
  "test_logloss": 0.6707,
  "overfit_gap": 0.3457,
  "quality_pass": true,
  "training_duration": 0.1,
  "saved_at": "2026-06-22T13:47:24.492831",
  "model_version": "catboost_v20260622_134724",
  "feature_importances": [
    [
      "low_52w_ratio",
      8.596581
    ],
    [
      "rs_vs_mkt_3m",
      8.431142
    ],
    [
      "high_52w_ratio",
      7.522854
    ],
    [
      "bb_width",
      7.12704
    ],
    [
      "macd_slope_5d",
      7.060673
    ],
    [
      "mom_accel",
      6.569999
    ],
    [
      "macd_diff",
      6.510812
    ],
    [
      "ema130_ratio",
      6.266881
    ],
    [
      "obv_trend",
      5.25599
    ],
    [
      "atr_ratio",
      5.099471
    ],
    [
      "adx",
      4.975973
    ],
    [
      "vzo",
      4.814253
    ],
    [
      "mfi",
      2.898863
    ],
    [
      "fisher",
      2.445503
    ],
    [
      "tnx_change_1m",
      2.329561
    ],
    [
      "bb_position",
      2.159911
    ],
    [
      "rs_vs_mkt_6m",
      1.426445
    ],
    [
      "sp500_1m",
      1.138894
    ],
    [
      "vix_level",
      1.115981
    ],
    [
      "csi300_1m",
      1.09154
    ],
    [
      "tnx_level",
      1.018048
    ],
    [
      "oil_1m",
      0.949524
    ],
    [
      "gold_1m",
      0.896201
    ],
    [
      "cci_pct",
      0.89329
    ],
    [
      "nasdaq_1m",
      0.807135
    ],
    [
      "bullish_fractal_5d",
      0.70796
    ],
    [
      "vix_change_5d",
      0.662564
    ],
    [
      "rsi",
      0.496721
    ],
    [
      "price_sma_5_ratio",
      0.440063
    ],
    [
      "yield_spread",
      0.290127
    ]
  ],
  "calibration": [
    0.03427680795736607,
    0.0720465175973732,
    0.09840482319105064,
    0.10995854399298342,
    0.11780040242748857,
    0.12706616485652072,
    0.13431801272942842,
    0.14019450060113658,
    0.1465763270812158,
    0.1492907026088805,
    0.16004940780422136,
    0.1724349732244929,
    0.17702535761364518,
    0.18442169262965533,
    0.19149377370251466,
    0.19510321867423888,
    0.20323739435895813,
    0.21395454566607736,
    0.21955031682426598,
    0.2266961284392171,
    0.22998377240592136,
    0.24312965185612703,
    0.2512326067201897,
    0.2577764781075085,
    0.2693527830683069,
    0.2823731465345203,
    0.2889545412150388,
    0.29837975171490083,
    0.3111265391669456,
    0.32318961814321634,
    0.32843025750185395,
    0.3421194946204612,
    0.35291858557334016,
    0.37369526954488386,
    0.39048621987161636,
    0.3991642101437481,
    0.41374925146164004,
    0.4299883715419924,
    0.4373506301689279,
    0.4540756049462283,
    0.4682341955994863,
    0.4733587835447756,
    0.48968481475863784,
    0.49787364657078,
    0.5065065085502032,
    0.5158271573565878,
    0.527870390552358,
    0.5523166070571568,
    0.5597893565298712,
    0.5708292130264364,
    0.5764704901659795,
    0.5861712825867793,
    0.6046348289763084,
    0.6109630796492365,
    0.6234727563539962,
    0.6273664411750594,
    0.6465658869734983,
    0.6551694789204362,
    0.6592844030455485,
    0.670304022684194,
    0.6757305353993835,
    0.6821886012008515,
    0.6866437464310504,
    0.6958222104373211,
    0.706132140982726,
    0.7129665050677909,
    0.7176053981645467,
    0.7246968676145161,
    0.7283933729123223,
    0.7345747242252908,
    0.741151105281209,
    0.7475693849828772,
    0.7512506659481886,
    0.753192127686144,
    0.7581975327897236,
    0.764191496406094,
    0.7681999574624331,
    0.7741062475129032,
    0.7787679380108854,
    0.7858517937072971,
    0.7896724057766339,
    0.7972635279781031,
    0.8041727411479491,
    0.8084623363696495,
    0.8132821157412945,
    0.8168724542749836,
    0.8230874701457809,
    0.8269224990879799,
    0.8302082053871076,
    0.8356432074613434,
    0.8422927729893545,
    0.8461128694771033,
    0.8512735793256095,
    0.8572724692632916,
    0.8597117232023921,
    0.8698158664487224,
    0.8796626616059368,
    0.8860265637358206,
    0.8936567643996063,
    0.9064896878446531,
    0.9485279119514949
  ],
  "tune_log": null
}