{
  "parameters": {
    "n_estimators": 200,
    "learning_rate": 0.05,
    "max_depth": 2,
    "min_samples_leaf": 25,
    "subsample": 0.7
  },
  "model_type": "binary_classifier",
  "target_definition": "top 25% / bottom 25% return in 10d (neutral zone)",
  "training_samples": 21276,
  "positive_rate": 0.5069,
  "cv_auc_mean": 0.5144,
  "cv_auc_std": 0.0288,
  "purging_days": 10,
  "train_auc": 0.6592,
  "test_auc": 0.5849,
  "test_logloss": 0.6825,
  "overfit_gap": 0.0743,
  "quality_pass": true,
  "training_duration": 31.4,
  "saved_at": "2026-03-02T11:10:02.725883",
  "model_version": "gradient_boosting_v20260302_111002",
  "feature_importances": [
    [
      "atr_ratio",
      0.177761
    ],
    [
      "rs_vs_mkt_3m",
      0.086188
    ],
    [
      "macd_diff",
      0.080224
    ],
    [
      "bullish_fractal_5d",
      0.076392
    ],
    [
      "adx",
      0.073898
    ],
    [
      "high_52w_ratio",
      0.066922
    ],
    [
      "bb_width",
      0.06159
    ],
    [
      "price_sma_5_ratio",
      0.057177
    ],
    [
      "fisher",
      0.053642
    ],
    [
      "vix_change_5d",
      0.051907
    ],
    [
      "sp500_1m",
      0.038498
    ],
    [
      "vix_level",
      0.035958
    ],
    [
      "mom_accel",
      0.032125
    ],
    [
      "macd_slope_5d",
      0.028031
    ],
    [
      "vzo",
      0.026575
    ],
    [
      "vol_ratio",
      0.020158
    ],
    [
      "cmf",
      0.017323
    ],
    [
      "adx_di_diff",
      0.015633
    ]
  ],
  "calibration": [
    0.2523988920126992,
    0.3396031487558713,
    0.36286315459540136,
    0.3765782491051794,
    0.3888449675412461,
    0.3969291317665768,
    0.4030752770693843,
    0.4087505733365501,
    0.4135235403624369,
    0.4187659147879803,
    0.4233164441890432,
    0.42825172622133945,
    0.4318272352678774,
    0.4353028312340661,
    0.43871494955875107,
    0.4419395315856732,
    0.4437233291544997,
    0.4468891527996924,
    0.45000848060657006,
    0.45254638475664893,
    0.4560068537919246,
    0.4591129774234861,
    0.4610545810451972,
    0.46354117658167115,
    0.46601024280263625,
    0.46821793339536644,
    0.4704571630867894,
    0.4727512052334999,
    0.47494421322125013,
    0.4766337814411536,
    0.47844394200150925,
    0.48012588823505126,
    0.4814825549611884,
    0.4831007983995254,
    0.48485727373723114,
    0.48643373431120374,
    0.48832624271863045,
    0.48979914081452375,
    0.4916067217593044,
    0.4932773178645903,
    0.49481597246285286,
    0.4960859513205706,
    0.4981341188094093,
    0.499848735848587,
    0.5014810728348432,
    0.5031312766753502,
    0.5048156411904938,
    0.5059252772470791,
    0.5071749220239914,
    0.5090008083386595,
    0.5107226432919725,
    0.5125903700207987,
    0.5141444146880436,
    0.515536875191385,
    0.5169857440949256,
    0.5187206385707649,
    0.5205121876804474,
    0.5224310856168316,
    0.5240251362465742,
    0.5256876701739502,
    0.5276495053259415,
    0.5291185808975286,
    0.5306639242859713,
    0.5319974090545625,
    0.5331276683792312,
    0.5348039181891081,
    0.5363828837579228,
    0.5381751287811529,
    0.5400392139912524,
    0.5419590684301695,
    0.5434568606050059,
    0.5451618826725817,
    0.5471399053153839,
    0.5489151160960277,
    0.5505902600398427,
    0.5520818067754328,
    0.5542321169426536,
    0.5557665087961463,
    0.5576500912745863,
    0.5598204190510014,
    0.5618488646932859,
    0.5642318176472524,
    0.5659606938500927,
    0.5681554265692352,
    0.5704129120211113,
    0.5727391021665793,
    0.5759101233105295,
    0.5785520618660058,
    0.5816100876446004,
    0.5846724622113556,
    0.58732658698104,
    0.5903143748435602,
    0.5938579201731196,
    0.5979172856583927,
    0.6029073999763742,
    0.6094827572815208,
    0.619572213794822,
    0.6331947684605684,
    0.6548984496025866,
    0.6926240854628711,
    0.8046920612281108
  ]
}