{
  "parameters": {
    "n_estimators": 200,
    "learning_rate": 0.05,
    "max_depth": 2,
    "min_samples_leaf": 25,
    "subsample": 0.7
  },
  "model_type": "binary_classifier",
  "target_definition": "top 25% / bottom 25% return in 10d (neutral zone)",
  "training_samples": 645,
  "positive_rate": 0.5721,
  "cv_auc_mean": null,
  "cv_auc_std": null,
  "purging_days": 10,
  "train_auc": 0.9553,
  "test_auc": 0.578,
  "test_logloss": 0.7248,
  "overfit_gap": 0.3773,
  "quality_pass": true,
  "training_duration": 0.2,
  "saved_at": "2026-06-22T13:47:24.262953",
  "model_version": "gradient_boosting_v20260622_134724",
  "feature_importances": [
    [
      "rs_vs_mkt_3m",
      0.108246
    ],
    [
      "low_52w_ratio",
      0.089335
    ],
    [
      "bb_width",
      0.083646
    ],
    [
      "macd_slope_5d",
      0.083584
    ],
    [
      "mom_accel",
      0.082667
    ],
    [
      "high_52w_ratio",
      0.076343
    ],
    [
      "ema130_ratio",
      0.074116
    ],
    [
      "macd_diff",
      0.071541
    ],
    [
      "obv_trend",
      0.059009
    ],
    [
      "adx",
      0.04412
    ],
    [
      "atr_ratio",
      0.038952
    ],
    [
      "vzo",
      0.032844
    ],
    [
      "bb_position",
      0.024798
    ],
    [
      "fisher",
      0.020298
    ],
    [
      "csi300_1m",
      0.015064
    ],
    [
      "tnx_change_1m",
      0.013559
    ],
    [
      "price_sma_5_ratio",
      0.011835
    ],
    [
      "rs_vs_mkt_6m",
      0.011409
    ],
    [
      "mfi",
      0.007725
    ],
    [
      "gold_1m",
      0.007305
    ],
    [
      "cci_pct",
      0.007286
    ],
    [
      "vix_change_5d",
      0.005588
    ],
    [
      "sp500_1m",
      0.005279
    ],
    [
      "tnx_level",
      0.005252
    ],
    [
      "oil_1m",
      0.004326
    ],
    [
      "vix_level",
      0.004219
    ],
    [
      "rsi",
      0.004158
    ],
    [
      "nasdaq_1m",
      0.003432
    ],
    [
      "yield_spread",
      0.003067
    ],
    [
      "bullish_fractal_5d",
      0.000998
    ]
  ],
  "calibration": [
    0.06650770240954759,
    0.09548540713500986,
    0.11216949360251205,
    0.12288876989513442,
    0.1381524607740372,
    0.14689787064099186,
    0.15178654021415366,
    0.1618906637700177,
    0.17000957767111816,
    0.17707774928979161,
    0.19614564231174095,
    0.20631874680738777,
    0.2167042928983349,
    0.22621144764357642,
    0.2383453098122065,
    0.24825619229726917,
    0.2569183093153727,
    0.27372342621074386,
    0.28274855062200993,
    0.29418255869842175,
    0.29913591300761144,
    0.309931255733418,
    0.3165990734633752,
    0.32724425700219334,
    0.34344757167105666,
    0.3537189390113062,
    0.36190697122955545,
    0.37347577051382047,
    0.38435883149495725,
    0.40896578874785106,
    0.42082875278596016,
    0.4408547818191326,
    0.4486196998514505,
    0.4526954981091371,
    0.46035886107823587,
    0.468447029545218,
    0.47603258531477083,
    0.4877706753093072,
    0.500178600684369,
    0.5055894582667896,
    0.5147592163120738,
    0.5320230067834093,
    0.5394155441155156,
    0.5528760083381203,
    0.5609330988917701,
    0.5705937665552534,
    0.5763158752548373,
    0.5853465115018406,
    0.5930800926834551,
    0.5987924613975414,
    0.6019713855950669,
    0.6215264456945989,
    0.6292109096825722,
    0.6426002963988185,
    0.6462749085420981,
    0.6557191935992959,
    0.668894105164991,
    0.6787462765495936,
    0.6856985664750634,
    0.6908974908100252,
    0.6992299350836645,
    0.7121875681651176,
    0.7159573059772018,
    0.7259522127275946,
    0.7320212790432752,
    0.738561854444588,
    0.7445627288737213,
    0.7512993556466226,
    0.7574591009729222,
    0.7672634012568782,
    0.7728827076074021,
    0.7778741899784111,
    0.7841239345614,
    0.7883466690570752,
    0.7945455732629677,
    0.8001118215216615,
    0.8057449064913952,
    0.8136295497927903,
    0.815601174294719,
    0.8226003026197812,
    0.827784741240432,
    0.8313607765031638,
    0.8346134354457991,
    0.8383623565172161,
    0.8446675986744668,
    0.8489749660485276,
    0.8527949097451977,
    0.8561942604692779,
    0.8605945319704175,
    0.8628077910061441,
    0.8694921650825356,
    0.8774831384076778,
    0.8802675501110752,
    0.8876036198593436,
    0.8923767617404911,
    0.9003438627419507,
    0.9056962474677304,
    0.9116391764314077,
    0.9221887536162249,
    0.947224084334448,
    0.9718761425336774
  ],
  "tune_log": null
}