{
  "parameters": {
    "n_estimators": 200,
    "learning_rate": 0.05,
    "max_depth": 2,
    "min_samples_leaf": 25,
    "subsample": 0.7
  },
  "model_type": "binary_classifier",
  "target_definition": "top 25% / bottom 25% return in 10d (neutral zone)",
  "training_samples": 20792,
  "positive_rate": 0.5068,
  "cv_auc_mean": 0.5095,
  "cv_auc_std": 0.0385,
  "purging_days": 10,
  "train_auc": 0.6858,
  "test_auc": 0.5513,
  "test_logloss": 0.7086,
  "overfit_gap": 0.1345,
  "quality_pass": true,
  "training_duration": 48.5,
  "saved_at": "2026-06-24T08:38:50.548491",
  "model_version": "gradient_boosting_v20260624_083850",
  "feature_importances": [
    [
      "ema130_ratio",
      0.096084
    ],
    [
      "low_52w_ratio",
      0.081856
    ],
    [
      "adx",
      0.069551
    ],
    [
      "bullish_fractal_5d",
      0.063566
    ],
    [
      "atr_ratio",
      0.059982
    ],
    [
      "gold_1m",
      0.051426
    ],
    [
      "rs_vs_mkt_3m",
      0.04947
    ],
    [
      "vix_change_5d",
      0.048328
    ],
    [
      "high_52w_ratio",
      0.04508
    ],
    [
      "mom_accel",
      0.04482
    ],
    [
      "rs_vs_mkt_6m",
      0.042742
    ],
    [
      "bb_width",
      0.041175
    ],
    [
      "fisher",
      0.040656
    ],
    [
      "mfi",
      0.038042
    ],
    [
      "bb_position",
      0.036555
    ],
    [
      "price_sma_5_ratio",
      0.032019
    ],
    [
      "yield_spread",
      0.03002
    ],
    [
      "macd_diff",
      0.027138
    ],
    [
      "vzo",
      0.024802
    ],
    [
      "nasdaq_1m",
      0.021957
    ],
    [
      "macd_slope_5d",
      0.017714
    ],
    [
      "vix_level",
      0.013879
    ],
    [
      "sp500_1m",
      0.006989
    ],
    [
      "csi300_1m",
      0.004095
    ],
    [
      "tnx_level",
      0.003954
    ],
    [
      "obv_trend",
      0.003357
    ],
    [
      "oil_1m",
      0.001748
    ],
    [
      "rsi",
      0.001551
    ],
    [
      "tnx_change_1m",
      0.001445
    ],
    [
      "cci_pct",
      0.0
    ]
  ],
  "calibration": [
    0.1335112267731927,
    0.2781987146951714,
    0.3198506495845848,
    0.3477963127334304,
    0.364612367430509,
    0.3765090949526978,
    0.3866424616334033,
    0.3955038803590777,
    0.4029681558266827,
    0.4099356760497187,
    0.41660530289757314,
    0.42101289493435073,
    0.4254961498079311,
    0.429791570472729,
    0.43332647032139154,
    0.4371395702867914,
    0.44062460350118426,
    0.4439734633949443,
    0.44691890085498154,
    0.44968286319321366,
    0.4524906001615145,
    0.4552735193054264,
    0.4581876870795232,
    0.46090186956058943,
    0.4635004505706309,
    0.46590536980483155,
    0.46795928451829466,
    0.4704496237228234,
    0.4724923527118271,
    0.47430236109733154,
    0.47666521526428046,
    0.4787182540898286,
    0.4807543092832813,
    0.4827883715775523,
    0.4845262696777272,
    0.48663427880229493,
    0.4887935485818195,
    0.4908513914673463,
    0.49286279705231,
    0.4946380154636409,
    0.496411102209241,
    0.49835476275792445,
    0.5003096872522118,
    0.5021056259064999,
    0.5040192633291126,
    0.5056564325583127,
    0.5076103687007378,
    0.5091693746088599,
    0.5111818664523812,
    0.5132220953490666,
    0.5149578891207192,
    0.5171271307059606,
    0.5188261051996624,
    0.5206527103410774,
    0.5228288637664469,
    0.5244488669723216,
    0.5263173649949273,
    0.5283626322833527,
    0.5305935243771213,
    0.5325063526207108,
    0.5349105989648109,
    0.5368274746930206,
    0.5390248560900506,
    0.5410484797671904,
    0.5432608216051209,
    0.5451996513858532,
    0.5473683743002044,
    0.5495882120624578,
    0.5517335601797423,
    0.5539652952545884,
    0.5562636303766766,
    0.5587749518088667,
    0.5609095471785067,
    0.5630979511295532,
    0.56599438610122,
    0.5686474040958664,
    0.5711229092394824,
    0.5737756343673738,
    0.5764076962198802,
    0.5795846609017812,
    0.5822527548428261,
    0.585716261333033,
    0.5888976511690285,
    0.5924466106718761,
    0.596042470265272,
    0.59908142356938,
    0.6032466455700747,
    0.6074002884956455,
    0.6126340520846113,
    0.6173118665647056,
    0.6224846217645423,
    0.6281013765447611,
    0.6343656120745246,
    0.6405084124947439,
    0.6476602317882121,
    0.6564936247288113,
    0.6663736847122502,
    0.6792030232864332,
    0.695890495219181,
    0.7222377565688268,
    0.8914065386262926
  ],
  "tune_log": null
}