{
  "parameters": {
    "n_estimators": 200,
    "learning_rate": 0.05,
    "max_depth": 2,
    "min_samples_leaf": 25,
    "subsample": 0.7
  },
  "model_type": "binary_classifier",
  "target_definition": "top 25% / bottom 25% return in 10d (neutral zone)",
  "training_samples": 21996,
  "positive_rate": 0.5069,
  "cv_auc_mean": 0.518,
  "cv_auc_std": 0.0287,
  "train_auc": 0.6601,
  "test_auc": 0.5687,
  "test_logloss": 0.6871,
  "overfit_gap": 0.0914,
  "quality_pass": true,
  "training_duration": 49.8,
  "saved_at": "2026-03-01T23:57:52.395297",
  "model_version": "gradient_boosting_v20260301_235752",
  "feature_importances": [
    [
      "atr_ratio",
      0.164489
    ],
    [
      "rs_vs_mkt_3m",
      0.106185
    ],
    [
      "bullish_fractal_5d",
      0.072965
    ],
    [
      "macd_diff",
      0.071078
    ],
    [
      "adx",
      0.066209
    ],
    [
      "high_52w_ratio",
      0.064545
    ],
    [
      "vix_change_5d",
      0.055547
    ],
    [
      "fisher",
      0.040935
    ],
    [
      "vix_level",
      0.039105
    ],
    [
      "macd_slope_5d",
      0.038507
    ],
    [
      "price_sma_5_ratio",
      0.0378
    ],
    [
      "mom_accel",
      0.034855
    ],
    [
      "bb_width",
      0.034744
    ],
    [
      "vzo",
      0.030561
    ],
    [
      "sp500_1m",
      0.024643
    ],
    [
      "adx_di_diff",
      0.018981
    ],
    [
      "cmf",
      0.018352
    ],
    [
      "candle_body",
      0.016529
    ],
    [
      "rsi_mfi_div",
      0.016034
    ],
    [
      "vol_ratio",
      0.015701
    ],
    [
      "vol_change",
      0.009974
    ],
    [
      "rs_vs_mkt_1m",
      0.008095
    ],
    [
      "obv_change",
      0.007391
    ],
    [
      "macd_diff_change",
      0.006775
    ],
    [
      "sqzmi",
      0.0
    ]
  ],
  "calibration": [
    0.26297541307825195,
    0.34798192070051576,
    0.36398486878223896,
    0.37570870782213833,
    0.38402769455930774,
    0.39006619422455374,
    0.3961847632353188,
    0.4017682107330742,
    0.4062134216596909,
    0.409684072865906,
    0.41340868178721046,
    0.41713295202784134,
    0.4209645033086393,
    0.42490065530579796,
    0.42744211929839776,
    0.4304011036490698,
    0.43322900948038046,
    0.43568329151093393,
    0.43835358551926523,
    0.44070935882029205,
    0.44302942502884196,
    0.4451654978108604,
    0.44764386173604603,
    0.4495577539437487,
    0.45183190472072204,
    0.4544508173807262,
    0.45630893462164257,
    0.45828445641231086,
    0.46082176465908886,
    0.4625434259051144,
    0.4647188486164631,
    0.46643862825410287,
    0.4677250426166733,
    0.4698929728266231,
    0.4716044037547316,
    0.47317981058059666,
    0.47453413899250146,
    0.47664325338083735,
    0.4782329478471842,
    0.4798715560775996,
    0.4811902482578719,
    0.4828514811827234,
    0.4843184467565139,
    0.4858302145469232,
    0.4871781383505812,
    0.48879876000863126,
    0.4904198586727637,
    0.4918773789751011,
    0.494033445887555,
    0.4953279771239149,
    0.4969653972119872,
    0.4984263178204778,
    0.4998999301096109,
    0.5015237815710606,
    0.5030924594821007,
    0.5045840392955748,
    0.5062321779054328,
    0.5073667520951275,
    0.5089728731347385,
    0.5105897055908684,
    0.5122865147978932,
    0.5136293868164213,
    0.5149520812640753,
    0.5167616813058348,
    0.5185948085856724,
    0.520553719239949,
    0.5223214087359478,
    0.5242744012765732,
    0.5257854649529692,
    0.5273876631008807,
    0.528826198701651,
    0.5304939604442728,
    0.5325262555138767,
    0.534268379822818,
    0.5361940758679625,
    0.5377574680839852,
    0.5395134592110923,
    0.5416858298323872,
    0.5436366337355634,
    0.5455496340860053,
    0.5475509690465883,
    0.5496705940001984,
    0.5522990888719504,
    0.5544481145460213,
    0.5569577114525305,
    0.5590196390707259,
    0.5615471001240735,
    0.5643152731455268,
    0.5678056258028896,
    0.5707175244574785,
    0.5744695090517606,
    0.5784612300903612,
    0.5825195009375213,
    0.5866828215389108,
    0.5913695072459813,
    0.5967932811403251,
    0.6073326133542594,
    0.6166461220818578,
    0.6320209923220178,
    0.6577700818220618,
    0.7892310223859057
  ]
}