{
  "parameters": {
    "n_estimators": 200,
    "learning_rate": 0.05,
    "max_depth": 2,
    "min_samples_leaf": 25,
    "subsample": 0.7
  },
  "model_type": "binary_classifier",
  "target_definition": "top 25% / bottom 25% return in 10d (neutral zone)",
  "training_samples": 6707,
  "positive_rate": 0.5068,
  "cv_auc_mean": null,
  "cv_auc_std": null,
  "purging_days": 10,
  "train_auc": 0.7617,
  "test_auc": 0.5318,
  "test_logloss": 0.7373,
  "overfit_gap": 0.23,
  "quality_pass": true,
  "training_duration": 3.5,
  "saved_at": "2026-06-27T17:11:38.507790",
  "model_version": "gradient_boosting_v20260627_171138",
  "feature_importances": [
    [
      "ema130_ratio",
      0.129031
    ],
    [
      "macd_diff",
      0.104691
    ],
    [
      "low_52w_ratio",
      0.096288
    ],
    [
      "bb_width",
      0.084447
    ],
    [
      "mfi",
      0.075323
    ],
    [
      "high_52w_ratio",
      0.060975
    ],
    [
      "atr_ratio",
      0.055627
    ],
    [
      "rs_vs_mkt_3m",
      0.051171
    ],
    [
      "mom_accel",
      0.038804
    ],
    [
      "bullish_fractal_5d",
      0.034325
    ],
    [
      "vzo",
      0.028187
    ],
    [
      "price_sma_5_ratio",
      0.027702
    ],
    [
      "macd_slope_5d",
      0.027085
    ],
    [
      "adx",
      0.024591
    ],
    [
      "bb_position",
      0.021015
    ],
    [
      "vix_level",
      0.0195
    ],
    [
      "gold_1m",
      0.018212
    ],
    [
      "rs_vs_mkt_6m",
      0.016085
    ],
    [
      "oil_1m",
      0.011959
    ],
    [
      "fisher",
      0.010596
    ],
    [
      "nasdaq_1m",
      0.010244
    ],
    [
      "csi300_1m",
      0.009541
    ],
    [
      "tnx_level",
      0.008871
    ],
    [
      "tnx_change_1m",
      0.008471
    ],
    [
      "obv_trend",
      0.00707
    ],
    [
      "rsi",
      0.006687
    ],
    [
      "cci_pct",
      0.005539
    ],
    [
      "sp500_1m",
      0.005241
    ],
    [
      "yield_spread",
      0.002368
    ],
    [
      "vix_change_5d",
      0.000355
    ]
  ],
  "calibration": [
    0.07913321656191488,
    0.18173583212463287,
    0.21377987026591333,
    0.234308473578746,
    0.249422811363246,
    0.265838030881591,
    0.28210824767836756,
    0.2935635178926023,
    0.3053727071028312,
    0.31605019741691676,
    0.32681038307089627,
    0.33789217634253194,
    0.3483327826078326,
    0.3583784697627828,
    0.36656300705357303,
    0.3732896375208048,
    0.3808125089950618,
    0.3897291214692724,
    0.3942885488102764,
    0.40145463618452476,
    0.4075402150570522,
    0.41372320797871215,
    0.4198432834180989,
    0.42578790813010853,
    0.43169695767438226,
    0.4363379796407332,
    0.4401742153807873,
    0.44494997254046187,
    0.4490884551625932,
    0.45225635889689286,
    0.45573274965586785,
    0.4602373907943041,
    0.464165094767001,
    0.46723363339373025,
    0.47014920439674374,
    0.4732915731046166,
    0.4768180575125547,
    0.4797114308009559,
    0.48314501991994613,
    0.48630249913295576,
    0.48985007897030053,
    0.4931691258474655,
    0.49651154347072457,
    0.4999341264318663,
    0.5025208973311848,
    0.5051451066650944,
    0.5075634314376652,
    0.5107059559378413,
    0.5131592300071188,
    0.5163748159964691,
    0.5193089112040741,
    0.5223565879202006,
    0.5249498662486126,
    0.527521633877445,
    0.5308065821193252,
    0.5339278763385806,
    0.5369658943554141,
    0.5396741632471875,
    0.5421237206046641,
    0.5446397357730184,
    0.5477587395236022,
    0.5512226233098957,
    0.5545367837149684,
    0.5577883936377926,
    0.5609668877363713,
    0.5642801896342204,
    0.5680757193291063,
    0.5712179572374776,
    0.5738588664765698,
    0.5764903611539929,
    0.5796275591325345,
    0.5827628335801357,
    0.5853696925301916,
    0.5882227664889256,
    0.5912882963457383,
    0.594766006955263,
    0.5977601686460021,
    0.6011101780689041,
    0.6042976938383655,
    0.6074939834894134,
    0.6106806815841426,
    0.6145148229150992,
    0.6185928940182154,
    0.6229142733421524,
    0.6264500572184807,
    0.6315010477342556,
    0.6364218853083321,
    0.6409998825487779,
    0.646714131865668,
    0.6520391836440214,
    0.6579937254667074,
    0.6632588373345629,
    0.6692640665257079,
    0.6768564676077212,
    0.6854014533308005,
    0.6957131527550785,
    0.7061107120809387,
    0.7200375669410429,
    0.7381647677112417,
    0.7651807214685412,
    0.8578749925098801
  ],
  "tune_log": null
}