{
  "parameters": {
    "n_estimators": 200,
    "max_depth": 2,
    "learning_rate": 0.05,
    "num_leaves": 4,
    "min_child_samples": 100,
    "subsample": 0.6,
    "subsample_freq": 1,
    "colsample_bytree": 0.5,
    "reg_alpha": 2.0,
    "reg_lambda": 5.0,
    "class_weight": "balanced",
    "verbose": -1
  },
  "model_type": "binary_classifier",
  "target_definition": "top 25% / bottom 25% return in 10d (neutral zone)",
  "training_samples": 6707,
  "positive_rate": 0.5068,
  "cv_auc_mean": null,
  "cv_auc_std": null,
  "purging_days": 10,
  "train_auc": 0.7442,
  "test_auc": 0.5425,
  "test_logloss": 0.7114,
  "overfit_gap": 0.2017,
  "quality_pass": true,
  "training_duration": 0.1,
  "saved_at": "2026-06-27T17:11:38.641850",
  "model_version": "lightgbm_v20260627_171138",
  "feature_importances": [
    [
      "ema130_ratio",
      58
    ],
    [
      "low_52w_ratio",
      56
    ],
    [
      "macd_diff",
      50
    ],
    [
      "bb_width",
      43
    ],
    [
      "atr_ratio",
      32
    ],
    [
      "high_52w_ratio",
      32
    ],
    [
      "mfi",
      32
    ],
    [
      "mom_accel",
      28
    ],
    [
      "macd_slope_5d",
      23
    ],
    [
      "bullish_fractal_5d",
      18
    ],
    [
      "rs_vs_mkt_3m",
      17
    ],
    [
      "vzo",
      17
    ],
    [
      "vix_level",
      17
    ],
    [
      "adx",
      15
    ],
    [
      "bb_position",
      14
    ],
    [
      "rs_vs_mkt_6m",
      14
    ],
    [
      "price_sma_5_ratio",
      14
    ],
    [
      "oil_1m",
      14
    ],
    [
      "gold_1m",
      13
    ],
    [
      "rsi",
      9
    ],
    [
      "fisher",
      8
    ],
    [
      "obv_trend",
      7
    ],
    [
      "tnx_change_1m",
      7
    ],
    [
      "nasdaq_1m",
      7
    ],
    [
      "cci_pct",
      6
    ],
    [
      "sp500_1m",
      6
    ],
    [
      "tnx_level",
      6
    ],
    [
      "yield_spread",
      5
    ],
    [
      "csi300_1m",
      5
    ],
    [
      "vix_change_5d",
      1
    ]
  ],
  "calibration": [
    0.14390271520351636,
    0.2030294831865504,
    0.23011503107649062,
    0.2507132454550836,
    0.26629124996046305,
    0.28128118832024895,
    0.2943600527030237,
    0.30542799361934975,
    0.3173754057863764,
    0.32697199213761835,
    0.3344899706586258,
    0.34242016894097443,
    0.3498697161598765,
    0.36025507966236986,
    0.3665818215480277,
    0.37396967499853256,
    0.37925759654858127,
    0.3855511159638275,
    0.3907548492738803,
    0.3966437266335026,
    0.4017536696697879,
    0.4070475950586353,
    0.4122969557830844,
    0.4167308050265637,
    0.42215547667974457,
    0.42622108174589124,
    0.43101255235987657,
    0.43551014548056977,
    0.4394740223095445,
    0.44414735146012707,
    0.44784959349302866,
    0.45073935553986616,
    0.4538495105221788,
    0.4576655282408716,
    0.4609479883124165,
    0.4651994626363596,
    0.4680047262057263,
    0.47136691703267786,
    0.4745151641676608,
    0.47797397581193146,
    0.480369633564988,
    0.4831992521035266,
    0.48631085717233913,
    0.4900784410231364,
    0.4923457257698119,
    0.49514329083323294,
    0.4978500919929223,
    0.5010847070233462,
    0.5043761915880508,
    0.5069897243433837,
    0.5101003893840032,
    0.5132267508036262,
    0.5158057614898816,
    0.5187449929318313,
    0.5222292524390001,
    0.5252917480918734,
    0.5287903833588803,
    0.5316875691468187,
    0.5346747966548266,
    0.5379505925173403,
    0.54038166870514,
    0.5441834341726379,
    0.5469953029279596,
    0.5494272061115516,
    0.5519507767064186,
    0.5541858863482538,
    0.5577632127517196,
    0.5603765571477918,
    0.5632822703272143,
    0.5665542009764526,
    0.5693800408432155,
    0.5724104063761,
    0.5757559047883603,
    0.5795523383456201,
    0.582223873100238,
    0.5848463885197854,
    0.5877198538735764,
    0.5905073779010261,
    0.5942507765750514,
    0.5981212104002106,
    0.6021611939028849,
    0.6060514797385393,
    0.6095803171655053,
    0.6130244193095082,
    0.61758774083782,
    0.6215490429603646,
    0.6266598631347421,
    0.6316842764113187,
    0.6363746925467568,
    0.6416040404675742,
    0.6462649064454267,
    0.651691357673327,
    0.6585200153605429,
    0.6658942772208286,
    0.6738536086094752,
    0.6842101850842258,
    0.6957353910855053,
    0.7080393011924501,
    0.7285082235216404,
    0.7552859639864621,
    0.8331744139427218
  ],
  "tune_log": null
}