{
  "parameters": {
    "n_estimators": 200,
    "max_depth": 2,
    "learning_rate": 0.05,
    "num_leaves": 4,
    "min_child_samples": 100,
    "subsample": 0.6,
    "subsample_freq": 1,
    "colsample_bytree": 0.5,
    "reg_alpha": 2.0,
    "reg_lambda": 5.0,
    "class_weight": "balanced",
    "verbose": -1
  },
  "model_type": "binary_classifier",
  "target_definition": "top 25% / bottom 25% return in 10d (neutral zone)",
  "training_samples": 20792,
  "positive_rate": 0.5068,
  "cv_auc_mean": 0.5115,
  "cv_auc_std": 0.0379,
  "purging_days": 10,
  "train_auc": 0.6749,
  "test_auc": 0.5723,
  "test_logloss": 0.6851,
  "overfit_gap": 0.1025,
  "quality_pass": true,
  "training_duration": 1.5,
  "saved_at": "2026-06-24T08:38:52.017683",
  "model_version": "lightgbm_v20260624_083852",
  "feature_importances": [
    [
      "ema130_ratio",
      53
    ],
    [
      "low_52w_ratio",
      45
    ],
    [
      "adx",
      38
    ],
    [
      "rs_vs_mkt_3m",
      38
    ],
    [
      "bb_width",
      35
    ],
    [
      "atr_ratio",
      31
    ],
    [
      "bullish_fractal_5d",
      29
    ],
    [
      "high_52w_ratio",
      25
    ],
    [
      "fisher",
      24
    ],
    [
      "rs_vs_mkt_6m",
      23
    ],
    [
      "mom_accel",
      23
    ],
    [
      "macd_slope_5d",
      23
    ],
    [
      "macd_diff",
      20
    ],
    [
      "price_sma_5_ratio",
      20
    ],
    [
      "mfi",
      19
    ],
    [
      "bb_position",
      18
    ],
    [
      "vix_change_5d",
      17
    ],
    [
      "vzo",
      16
    ],
    [
      "vix_level",
      14
    ],
    [
      "nasdaq_1m",
      14
    ],
    [
      "gold_1m",
      13
    ],
    [
      "obv_trend",
      11
    ],
    [
      "yield_spread",
      11
    ],
    [
      "sp500_1m",
      10
    ],
    [
      "csi300_1m",
      6
    ],
    [
      "rsi",
      4
    ],
    [
      "tnx_level",
      4
    ],
    [
      "oil_1m",
      4
    ],
    [
      "cci_pct",
      2
    ],
    [
      "tnx_change_1m",
      1
    ]
  ],
  "calibration": [
    0.23625796441471777,
    0.3353990397822887,
    0.3543229722568107,
    0.3680834308748171,
    0.3779999299436248,
    0.38610802607257044,
    0.39401889832743625,
    0.4002646127084255,
    0.4065846102905929,
    0.41139837996365036,
    0.41583442453177477,
    0.4200001821711744,
    0.4239587717395163,
    0.4274261391650796,
    0.43024629841201095,
    0.4330481251641603,
    0.4360805462809043,
    0.4387677912774518,
    0.4417289966118485,
    0.4440580283801014,
    0.4464470190113872,
    0.4489591924398806,
    0.45117734348248306,
    0.453677947308271,
    0.45594899949249307,
    0.45826189188142163,
    0.460332122377263,
    0.4624010554710409,
    0.4645511174281585,
    0.46645553936591566,
    0.46863113726462974,
    0.47080145062168766,
    0.47264482488163834,
    0.47482722208396794,
    0.47676181898778014,
    0.47881600253353457,
    0.480850008962415,
    0.48279028923766654,
    0.48457172584855407,
    0.4867117630789505,
    0.4881960846545529,
    0.4900080507383331,
    0.4918430700788335,
    0.493642015598056,
    0.4955005885900509,
    0.4974476209867489,
    0.49913478569596864,
    0.5008964928535343,
    0.5026033372768728,
    0.5040060464538648,
    0.5058421390850085,
    0.5075072701822849,
    0.5091893641299867,
    0.51107801185139,
    0.5127967792457582,
    0.5145274314280072,
    0.5166458643357724,
    0.5183785588898796,
    0.5202998223958507,
    0.5220568728119147,
    0.5239200879403474,
    0.5256596907071741,
    0.5277307970793504,
    0.5294732587970817,
    0.5313178888680128,
    0.5333441008149654,
    0.5355229404255635,
    0.5376519036128373,
    0.5400684474431255,
    0.5420175134224818,
    0.5444676345845385,
    0.5463584198650164,
    0.5489940011591569,
    0.5513018642020078,
    0.5538138244259236,
    0.5561930755614131,
    0.5582354464640592,
    0.5609465539183343,
    0.5634620469579037,
    0.5661322043037693,
    0.569004732721323,
    0.5719575191814793,
    0.5744766401766351,
    0.5780101437141943,
    0.5812580697670553,
    0.584397959883494,
    0.5878897414786011,
    0.5920307492248865,
    0.5960799293790905,
    0.6000927291997729,
    0.6050474534804318,
    0.6099372297157173,
    0.6149918754563758,
    0.6212126610640175,
    0.6285203801364072,
    0.6362715889566511,
    0.6454049460215762,
    0.6549093878702967,
    0.6740308708657861,
    0.6956839779772167,
    0.7859329436582667
  ],
  "tune_log": null
}