{
  "parameters": {
    "n_estimators": 200,
    "max_depth": 2,
    "learning_rate": 0.05,
    "num_leaves": 4,
    "min_child_samples": 100,
    "subsample": 0.6,
    "subsample_freq": 1,
    "colsample_bytree": 0.5,
    "reg_alpha": 2.0,
    "reg_lambda": 5.0,
    "class_weight": "balanced",
    "verbose": -1
  },
  "model_type": "binary_classifier",
  "target_definition": "top 25% / bottom 25% return in 10d (neutral zone)",
  "training_samples": 645,
  "positive_rate": 0.5721,
  "cv_auc_mean": null,
  "cv_auc_std": null,
  "purging_days": 10,
  "train_auc": 0.8329,
  "test_auc": 0.5629,
  "test_logloss": 0.6924,
  "overfit_gap": 0.27,
  "quality_pass": true,
  "training_duration": 0.1,
  "saved_at": "2026-06-22T13:47:24.360636",
  "model_version": "lightgbm_v20260622_134724",
  "feature_importances": [
    [
      "high_52w_ratio",
      39
    ],
    [
      "macd_slope_5d",
      39
    ],
    [
      "low_52w_ratio",
      35
    ],
    [
      "ema130_ratio",
      34
    ],
    [
      "mom_accel",
      27
    ],
    [
      "obv_trend",
      26
    ],
    [
      "macd_diff",
      22
    ],
    [
      "bb_width",
      21
    ],
    [
      "rs_vs_mkt_3m",
      18
    ],
    [
      "atr_ratio",
      15
    ],
    [
      "cci_pct",
      14
    ],
    [
      "adx",
      13
    ],
    [
      "vzo",
      10
    ],
    [
      "vix_change_5d",
      7
    ],
    [
      "yield_spread",
      7
    ],
    [
      "mfi",
      6
    ],
    [
      "tnx_change_1m",
      6
    ],
    [
      "fisher",
      5
    ],
    [
      "price_sma_5_ratio",
      4
    ],
    [
      "vix_level",
      4
    ],
    [
      "sp500_1m",
      4
    ],
    [
      "csi300_1m",
      4
    ],
    [
      "nasdaq_1m",
      3
    ],
    [
      "gold_1m",
      3
    ],
    [
      "bb_position",
      2
    ],
    [
      "bullish_fractal_5d",
      2
    ],
    [
      "rsi",
      2
    ],
    [
      "oil_1m",
      2
    ],
    [
      "tnx_level",
      1
    ],
    [
      "rs_vs_mkt_6m",
      0
    ]
  ],
  "calibration": [
    0.12109890404770819,
    0.14251651301704069,
    0.15977313787550737,
    0.16580585362921163,
    0.18130106716655267,
    0.19977486235168257,
    0.21559954211085897,
    0.2331083737031627,
    0.2505988705278012,
    0.25696151706001047,
    0.268108367119506,
    0.27596510906042687,
    0.2811689552359923,
    0.2881408642823785,
    0.2995248462352233,
    0.30566071696965685,
    0.3133922885168022,
    0.3211745981455363,
    0.32761376941382725,
    0.3305944605483243,
    0.3335602933201687,
    0.34276043635572084,
    0.3516290021634076,
    0.3599923935569833,
    0.3687513713879702,
    0.37483770765380464,
    0.3825423888739299,
    0.38891769303793683,
    0.39531288189114305,
    0.39931302788788947,
    0.4096738048056246,
    0.41435203105401336,
    0.4177435045163961,
    0.42264833267448876,
    0.4303901469605724,
    0.43984092321351226,
    0.4454023941862413,
    0.44878567103450734,
    0.45402650440944653,
    0.46163000265661164,
    0.46434070243548253,
    0.47230363500173955,
    0.4780230069775067,
    0.4813201764467243,
    0.48487861101082996,
    0.4900424268251033,
    0.4935349340116028,
    0.5006997984496766,
    0.5040329230005512,
    0.5067283611656422,
    0.511450793109736,
    0.5151696265456388,
    0.5248500641992251,
    0.5323443083671802,
    0.5392030968644644,
    0.5476379366003398,
    0.5574500847271951,
    0.5621978844563167,
    0.5697937144461435,
    0.5757193440307319,
    0.5789392148749657,
    0.5840044571062413,
    0.595681143884442,
    0.5982723472362104,
    0.6060933090950689,
    0.6116324593734528,
    0.6144534345598951,
    0.6221992605167486,
    0.6245774924998218,
    0.6306322814707619,
    0.6330078460485389,
    0.6379614456659088,
    0.6460139888619169,
    0.6532113169399724,
    0.6553847179674868,
    0.660165462760753,
    0.6638898078248219,
    0.670783096290682,
    0.6780445248197674,
    0.6817366633889967,
    0.6850183624594133,
    0.6903836044384662,
    0.6973381601098361,
    0.7026817161237289,
    0.718146870341988,
    0.7233839065140037,
    0.727914575298172,
    0.7375629124787105,
    0.7440087129668537,
    0.7495592079220796,
    0.7578402706506283,
    0.7699868923880518,
    0.7832461477522902,
    0.7914314362394198,
    0.7970668482946778,
    0.8010214925254436,
    0.8127127977544194,
    0.8162952177876805,
    0.8301694986681559,
    0.8455621088322833,
    0.9263109756248391
  ],
  "tune_log": null
}