{
  "parameters": {
    "n_estimators": 300,
    "max_depth": 4,
    "min_samples_split": 30,
    "min_samples_leaf": 30,
    "max_features": 0.4,
    "max_samples": 0.8,
    "class_weight": "balanced"
  },
  "model_type": "binary_classifier",
  "target_definition": "top 25% / bottom 25% return in 10d (neutral zone)",
  "training_samples": 20792,
  "positive_rate": 0.5068,
  "cv_auc_mean": 0.5335,
  "cv_auc_std": 0.0403,
  "purging_days": 10,
  "train_auc": 0.6714,
  "test_auc": 0.5504,
  "test_logloss": 0.6895,
  "overfit_gap": 0.1211,
  "quality_pass": true,
  "training_duration": 7.5,
  "saved_at": "2026-06-24T08:38:02.047999",
  "model_version": "random_forest_v20260624_083802",
  "feature_importances": [
    [
      "bullish_fractal_5d",
      0.11594
    ],
    [
      "ema130_ratio",
      0.097295
    ],
    [
      "atr_ratio",
      0.081951
    ],
    [
      "low_52w_ratio",
      0.057167
    ],
    [
      "bb_position",
      0.04854
    ],
    [
      "adx",
      0.047152
    ],
    [
      "bb_width",
      0.043237
    ],
    [
      "rs_vs_mkt_3m",
      0.043225
    ],
    [
      "mfi",
      0.037367
    ],
    [
      "fisher",
      0.037254
    ],
    [
      "rs_vs_mkt_6m",
      0.03724
    ],
    [
      "price_sma_5_ratio",
      0.036885
    ],
    [
      "high_52w_ratio",
      0.032009
    ],
    [
      "gold_1m",
      0.028457
    ],
    [
      "vzo",
      0.027126
    ],
    [
      "macd_slope_5d",
      0.026539
    ],
    [
      "vix_change_5d",
      0.023393
    ],
    [
      "nasdaq_1m",
      0.021211
    ],
    [
      "sp500_1m",
      0.020496
    ],
    [
      "vix_level",
      0.01971
    ],
    [
      "mom_accel",
      0.018806
    ],
    [
      "tnx_change_1m",
      0.018402
    ],
    [
      "yield_spread",
      0.017476
    ],
    [
      "macd_diff",
      0.01573
    ],
    [
      "tnx_level",
      0.013009
    ],
    [
      "csi300_1m",
      0.01169
    ],
    [
      "rsi",
      0.007066
    ],
    [
      "oil_1m",
      0.006097
    ],
    [
      "obv_trend",
      0.005935
    ],
    [
      "cci_pct",
      0.003592
    ]
  ],
  "calibration": [
    0.35562059706695615,
    0.4115212267837299,
    0.4227252384923758,
    0.4301486847366095,
    0.4350471531816767,
    0.4395321822608334,
    0.44347769324259784,
    0.4467416365119508,
    0.45008481730794886,
    0.4527898415316985,
    0.45509923279125153,
    0.45704576763703525,
    0.4589660933539397,
    0.4609866061733504,
    0.4629192692654453,
    0.4645733048108381,
    0.4660650943996649,
    0.46782050929874675,
    0.469468480703502,
    0.471281512367866,
    0.4730908773228152,
    0.474544013970428,
    0.47589291606306844,
    0.4773412361058884,
    0.47876225823798535,
    0.48023361715985646,
    0.48153976261046705,
    0.482802888304255,
    0.4840755007797257,
    0.48548084089467547,
    0.4868469565951389,
    0.48785320533487153,
    0.4890916480422129,
    0.49045361955673034,
    0.4916392446162315,
    0.4928917188427743,
    0.4940370516906599,
    0.49537854660651615,
    0.4964159066244906,
    0.497593410891845,
    0.4985082376702846,
    0.49936242224546107,
    0.5003832317551079,
    0.5015114959026008,
    0.5024671941116454,
    0.5035296459940837,
    0.5045818559805583,
    0.5054821267040188,
    0.5064383520198406,
    0.5072782872824055,
    0.5080924717942401,
    0.5091039782873102,
    0.5098850489993633,
    0.5107418129282963,
    0.5116967351906747,
    0.5126800495372211,
    0.513782504506559,
    0.5146277543675905,
    0.515430369446176,
    0.5163342759219199,
    0.517056464039899,
    0.5180683972904995,
    0.5191144109605553,
    0.520057815952533,
    0.5209362894750036,
    0.5220138836610554,
    0.5229937004370562,
    0.5239134541793089,
    0.5249351566916483,
    0.5258845632945374,
    0.5267727515031506,
    0.5278605332148867,
    0.5289555720481454,
    0.52994184040878,
    0.5309650244185805,
    0.5319616012990219,
    0.5330087314941987,
    0.5341512658552967,
    0.535120638810715,
    0.5363487196269041,
    0.5376413700529002,
    0.538856271371616,
    0.5401761536228107,
    0.5415180247474305,
    0.5429096501464464,
    0.5445846764817391,
    0.5464802174796767,
    0.5483496474990152,
    0.5502406835074772,
    0.5523997312424691,
    0.5547578304849032,
    0.5575634125884088,
    0.560439623681433,
    0.5642345371937005,
    0.568345206767563,
    0.5739379801160905,
    0.5802126441400534,
    0.5892024008190023,
    0.6010736601743684,
    0.6183433618990289,
    0.6696963819996178
  ],
  "tune_log": null
}