{
  "parameters": {
    "n_estimators": 300,
    "max_depth": 4,
    "min_samples_split": 30,
    "min_samples_leaf": 30,
    "max_features": 0.4,
    "max_samples": 0.8,
    "class_weight": "balanced"
  },
  "model_type": "binary_classifier",
  "target_definition": "top 25% / bottom 25% return in 10d (neutral zone)",
  "training_samples": 6707,
  "positive_rate": 0.5068,
  "cv_auc_mean": null,
  "cv_auc_std": null,
  "purging_days": 10,
  "train_auc": 0.7342,
  "test_auc": 0.5383,
  "test_logloss": 0.6966,
  "overfit_gap": 0.1959,
  "quality_pass": true,
  "training_duration": 1.3,
  "saved_at": "2026-06-27T17:11:34.970847",
  "model_version": "random_forest_v20260627_171134",
  "feature_importances": [
    [
      "macd_diff",
      0.139438
    ],
    [
      "mfi",
      0.120379
    ],
    [
      "ema130_ratio",
      0.117065
    ],
    [
      "low_52w_ratio",
      0.090781
    ],
    [
      "bb_width",
      0.074279
    ],
    [
      "atr_ratio",
      0.052328
    ],
    [
      "vzo",
      0.04272
    ],
    [
      "high_52w_ratio",
      0.038166
    ],
    [
      "adx",
      0.027257
    ],
    [
      "rs_vs_mkt_6m",
      0.026173
    ],
    [
      "mom_accel",
      0.025801
    ],
    [
      "bullish_fractal_5d",
      0.023169
    ],
    [
      "rs_vs_mkt_3m",
      0.023158
    ],
    [
      "csi300_1m",
      0.022048
    ],
    [
      "bb_position",
      0.019494
    ],
    [
      "oil_1m",
      0.019417
    ],
    [
      "fisher",
      0.018263
    ],
    [
      "gold_1m",
      0.014198
    ],
    [
      "tnx_change_1m",
      0.013426
    ],
    [
      "macd_slope_5d",
      0.013402
    ],
    [
      "nasdaq_1m",
      0.013045
    ],
    [
      "price_sma_5_ratio",
      0.012198
    ],
    [
      "vix_level",
      0.011747
    ],
    [
      "sp500_1m",
      0.009161
    ],
    [
      "tnx_level",
      0.008115
    ],
    [
      "yield_spread",
      0.006445
    ],
    [
      "cci_pct",
      0.005642
    ],
    [
      "rsi",
      0.005385
    ],
    [
      "obv_trend",
      0.004609
    ],
    [
      "vix_change_5d",
      0.002695
    ]
  ],
  "calibration": [
    0.16692541789775406,
    0.23669688638519024,
    0.26110777738967106,
    0.282532305837339,
    0.29796827337339143,
    0.3164798025001882,
    0.3293573588617203,
    0.34282225951578726,
    0.35173908361615375,
    0.3652719341998305,
    0.37854110321206963,
    0.3874418651056151,
    0.3961320080956703,
    0.40688508038236765,
    0.4140793868248676,
    0.4219403301121706,
    0.4270371331918109,
    0.4320271844658182,
    0.4360694961201435,
    0.44027539533935717,
    0.44469355945756156,
    0.449641055418815,
    0.45385220881967747,
    0.45729157943082005,
    0.4606838156929455,
    0.46384873600932885,
    0.46688038895720624,
    0.4705726001711811,
    0.47297467571836566,
    0.4758180520855253,
    0.4786368239962561,
    0.4811974983959957,
    0.48315050424532313,
    0.48552182530771176,
    0.4873967001237949,
    0.48897918569102655,
    0.4907200382052666,
    0.4925286396658843,
    0.4946172186915663,
    0.49622606698151267,
    0.49794234661054276,
    0.49945045704121055,
    0.5013111634097299,
    0.5031232931414911,
    0.5049598120560511,
    0.5064890424323164,
    0.5078664659042427,
    0.5097053905459659,
    0.5114370106940135,
    0.5139455217509414,
    0.5161317950114385,
    0.5182024903155505,
    0.5200788304510358,
    0.5223125444650193,
    0.5244028641531819,
    0.5261722274718192,
    0.528426021536488,
    0.5301142965284722,
    0.5321276864683366,
    0.5335479601426899,
    0.5356741467672306,
    0.5373840527290001,
    0.5389575283047652,
    0.5407176347019749,
    0.542501042447382,
    0.54432885439363,
    0.546538114241218,
    0.5483317203281528,
    0.5503659040502312,
    0.5524213552968533,
    0.5542717462205767,
    0.5559223300722487,
    0.5577319855793996,
    0.5593758126377101,
    0.561274677583963,
    0.562764070401006,
    0.5645876856940651,
    0.5662637728145212,
    0.5678449065948786,
    0.5695453577956874,
    0.571253068830114,
    0.5731221648212271,
    0.575184184467815,
    0.576769231790578,
    0.5783801764023808,
    0.5801910995860265,
    0.5821353373133475,
    0.5843124305443168,
    0.586894094934584,
    0.5892408523780154,
    0.5917021290511945,
    0.5944785117963857,
    0.5979360831662757,
    0.6009845496051718,
    0.6048397569260965,
    0.609324445764093,
    0.6144503341844986,
    0.6202535113216142,
    0.6303398648474663,
    0.6403737388026305,
    0.6795291969045715
  ],
  "tune_log": null
}