{
  "parameters": {
    "n_estimators": 300,
    "max_depth": 4,
    "min_samples_split": 20,
    "min_samples_leaf": 20,
    "max_features": 0.5,
    "class_weight": "balanced"
  },
  "model_type": "binary_classifier",
  "target_definition": "top 25% / bottom 25% return in 10d (neutral zone)",
  "training_samples": 21276,
  "positive_rate": 0.5069,
  "cv_auc_mean": 0.5074,
  "cv_auc_std": 0.0307,
  "purging_days": 10,
  "train_auc": 0.6492,
  "test_auc": 0.5759,
  "test_logloss": 0.6858,
  "overfit_gap": 0.0733,
  "quality_pass": true,
  "training_duration": 14.7,
  "saved_at": "2026-03-02T11:09:31.243070",
  "model_version": "random_forest_v20260302_110931",
  "feature_importances": [
    [
      "atr_ratio",
      0.205114
    ],
    [
      "bullish_fractal_5d",
      0.126359
    ],
    [
      "rs_vs_mkt_3m",
      0.085184
    ],
    [
      "fisher",
      0.070972
    ],
    [
      "macd_diff",
      0.056268
    ],
    [
      "high_52w_ratio",
      0.055418
    ],
    [
      "vix_change_5d",
      0.053525
    ],
    [
      "vix_level",
      0.052722
    ],
    [
      "price_sma_5_ratio",
      0.052563
    ],
    [
      "adx",
      0.04709
    ],
    [
      "macd_slope_5d",
      0.039089
    ],
    [
      "bb_width",
      0.032974
    ],
    [
      "vzo",
      0.030576
    ],
    [
      "cmf",
      0.022521
    ],
    [
      "mom_accel",
      0.021867
    ],
    [
      "adx_di_diff",
      0.017414
    ],
    [
      "sp500_1m",
      0.015462
    ],
    [
      "vol_ratio",
      0.014883
    ]
  ],
  "calibration": [
    0.3802669796901795,
    0.40012349413686804,
    0.4044845682416956,
    0.4089012713440413,
    0.41232739521130596,
    0.4156052757446016,
    0.41889866534016507,
    0.4216390076782964,
    0.42422188487799434,
    0.42745110029080463,
    0.4305549146646447,
    0.43366060431295284,
    0.4370626325882142,
    0.4408542727276259,
    0.4444886591555058,
    0.4478082246743558,
    0.45051657785624605,
    0.4528570289211925,
    0.4554223261226289,
    0.4580156891114823,
    0.45998965355831256,
    0.4620458445591089,
    0.4635864250275404,
    0.4650596493459427,
    0.466406807689792,
    0.4679729405584052,
    0.4693032860188543,
    0.47089535000524146,
    0.47221810021260274,
    0.47337816693791707,
    0.4747083338304858,
    0.47598545057814584,
    0.4774328064683737,
    0.478734422113545,
    0.4802084060628533,
    0.4813796583344062,
    0.48265537193743074,
    0.48360148349044285,
    0.48501092084823616,
    0.4865901927396457,
    0.4877746183061956,
    0.48905833435555907,
    0.4903008396851817,
    0.49144044306005974,
    0.4926746319761721,
    0.49369827498418883,
    0.4949174567181448,
    0.496100082223141,
    0.4970994727655913,
    0.49796102202934145,
    0.49897486891380716,
    0.49971775059091134,
    0.5005810340531878,
    0.5016077756737432,
    0.502608233381762,
    0.5036722504041177,
    0.5048829781277595,
    0.5060761118300346,
    0.5072733022334718,
    0.5080678990631105,
    0.509250667086353,
    0.5104338209918652,
    0.5118662053133142,
    0.5128508121792615,
    0.5139479274564442,
    0.5151016125413068,
    0.5161942405481581,
    0.5172879031936952,
    0.5185098602489201,
    0.5196817317267438,
    0.5209223823163801,
    0.5219599441262648,
    0.5231064909284109,
    0.5241612830512784,
    0.5250714098167382,
    0.5260009927649453,
    0.5269466380504936,
    0.5278150961477411,
    0.5287005424710989,
    0.5298119495320059,
    0.5308294689184617,
    0.5318099665526921,
    0.5331589658414141,
    0.5346485390049284,
    0.5359592995872275,
    0.5374492836335659,
    0.538886751929082,
    0.5402676884792831,
    0.5417373023542055,
    0.5434098374484242,
    0.5448449030827159,
    0.5465913280306209,
    0.5485709594554975,
    0.5508308347340701,
    0.5543229919997719,
    0.5563115865025962,
    0.5586857499224004,
    0.5622441199892941,
    0.568288245249467,
    0.5796026114485385,
    0.6415174735707386
  ]
}