{
  "parameters": {
    "n_estimators": 300,
    "max_depth": 4,
    "min_samples_split": 30,
    "min_samples_leaf": 30,
    "max_features": 0.4,
    "max_samples": 0.8,
    "class_weight": "balanced"
  },
  "model_type": "binary_classifier",
  "target_definition": "top 25% / bottom 25% return in 10d (neutral zone)",
  "training_samples": 645,
  "positive_rate": 0.5721,
  "cv_auc_mean": null,
  "cv_auc_std": null,
  "purging_days": 10,
  "train_auc": 0.8744,
  "test_auc": 0.5627,
  "test_logloss": 0.6847,
  "overfit_gap": 0.3117,
  "quality_pass": true,
  "training_duration": 0.2,
  "saved_at": "2026-06-22T13:47:24.093064",
  "model_version": "random_forest_v20260622_134724",
  "feature_importances": [
    [
      "macd_diff",
      0.114386
    ],
    [
      "macd_slope_5d",
      0.109462
    ],
    [
      "high_52w_ratio",
      0.103305
    ],
    [
      "obv_trend",
      0.101985
    ],
    [
      "low_52w_ratio",
      0.085191
    ],
    [
      "bb_width",
      0.079768
    ],
    [
      "ema130_ratio",
      0.072821
    ],
    [
      "rs_vs_mkt_3m",
      0.064503
    ],
    [
      "mom_accel",
      0.041293
    ],
    [
      "atr_ratio",
      0.035977
    ],
    [
      "adx",
      0.017075
    ],
    [
      "mfi",
      0.016565
    ],
    [
      "vzo",
      0.016013
    ],
    [
      "fisher",
      0.015276
    ],
    [
      "cci_pct",
      0.012738
    ],
    [
      "yield_spread",
      0.012547
    ],
    [
      "gold_1m",
      0.01249
    ],
    [
      "bb_position",
      0.012472
    ],
    [
      "price_sma_5_ratio",
      0.010552
    ],
    [
      "tnx_change_1m",
      0.009525
    ],
    [
      "sp500_1m",
      0.008528
    ],
    [
      "nasdaq_1m",
      0.007949
    ],
    [
      "csi300_1m",
      0.00771
    ],
    [
      "vix_change_5d",
      0.007446
    ],
    [
      "oil_1m",
      0.006686
    ],
    [
      "vix_level",
      0.005055
    ],
    [
      "tnx_level",
      0.004974
    ],
    [
      "rsi",
      0.004585
    ],
    [
      "bullish_fractal_5d",
      0.002106
    ],
    [
      "rs_vs_mkt_6m",
      0.001017
    ]
  ],
  "calibration": [
    0.16214053031409056,
    0.186970307977528,
    0.21475840751159178,
    0.2277419913711597,
    0.23453643830909568,
    0.24240669002334667,
    0.2504412001797559,
    0.2550236355663498,
    0.26374520756833825,
    0.27527822006091296,
    0.28059643591891636,
    0.29045369914342023,
    0.2955730754739294,
    0.3023529999710933,
    0.3138011035649475,
    0.3193173421681108,
    0.3317399588496925,
    0.3498049004574715,
    0.36750646341207066,
    0.37864902347508145,
    0.39014433011582855,
    0.39355638115817354,
    0.39667441349483434,
    0.402360088746754,
    0.40449136367863714,
    0.40930230796220946,
    0.41180945298669597,
    0.41929828925931756,
    0.4244374392117448,
    0.43280618252671554,
    0.4396616130819373,
    0.4428848160933119,
    0.44582719151265104,
    0.44963117306397965,
    0.45592257803214525,
    0.461081499499676,
    0.46326190478874385,
    0.4677210600624853,
    0.4692050927763298,
    0.4736758581331745,
    0.4781034610924585,
    0.4807885345694276,
    0.4834237586978752,
    0.48936422553627573,
    0.4954527146369122,
    0.497436526441853,
    0.5007680336744955,
    0.5036709282282973,
    0.5065051708893828,
    0.5130057459066096,
    0.5170477851356754,
    0.5199195435719421,
    0.5278125762604345,
    0.53612191678048,
    0.5400579753462122,
    0.5462627064680232,
    0.5531714717602891,
    0.5592843586175191,
    0.5611043200680211,
    0.564411358639515,
    0.5716549289327422,
    0.5739934357052843,
    0.5781578172944761,
    0.5844473549969869,
    0.5905834568874566,
    0.5962185425033156,
    0.6029107285860345,
    0.6050668062170728,
    0.6088269825105519,
    0.611540374073649,
    0.6130742984975841,
    0.6159453668807624,
    0.619333711961862,
    0.623466161203456,
    0.6244356237357858,
    0.6270559805603306,
    0.6360601616568317,
    0.6388165501649861,
    0.6425552664718931,
    0.6478436503886009,
    0.6537876347903887,
    0.6638460736505627,
    0.6705398508330749,
    0.6736970204621474,
    0.6801580694388455,
    0.6858105106395734,
    0.692249272578066,
    0.6951333709006392,
    0.6989870209356364,
    0.7050878547688663,
    0.7082595803021375,
    0.7187050274840799,
    0.7238120874243421,
    0.729013462409569,
    0.7347935900098453,
    0.7392573081455185,
    0.7455094484033804,
    0.7538695905799038,
    0.7619219331463193,
    0.7708328688353155,
    0.8222813191772482
  ],
  "tune_log": null
}