{
  "model_type": "binary_classifier",
  "architecture": "TCN",
  "n_features": 30,
  "channels": 32,
  "lookback": 20,
  "dilations": [
    1,
    2,
    4
  ],
  "kernel_size": 3,
  "dropout": 0.4,
  "weight_decay": 0.0005,
  "train_auc": 0.6476,
  "test_auc": 0.5156,
  "cv_auc_mean": 0.5498,
  "cv_auc_std": 0.0312,
  "overfit_gap": 0.132,
  "quality_pass": false,
  "training_samples": 19624,
  "purging_days": 20,
  "training_duration": 20.6,
  "calibration": [
    0.018938744440674782,
    0.13884135887026786,
    0.1962546181678772,
    0.23694202825427055,
    0.2681647968292236,
    0.28948282152414323,
    0.305385999083519,
    0.3188791623711586,
    0.33027866601943967,
    0.3405317685008049,
    0.34918712079524994,
    0.35666069895029073,
    0.36334248185157775,
    0.3696131360530853,
    0.37546679556369783,
    0.3815430849790573,
    0.3873674762248993,
    0.39292695939540867,
    0.3980285584926605,
    0.40258883506059645,
    0.40717374682426455,
    0.412233884036541,
    0.41667999029159547,
    0.42107297033071517,
    0.4249400091171265,
    0.4287368431687355,
    0.43231954336166384,
    0.4359898465871811,
    0.43979000926017764,
    0.4433058440685272,
    0.44646528661251067,
    0.45040627956390383,
    0.4540086328983307,
    0.4571042743325234,
    0.4603446877002716,
    0.46317913830280305,
    0.46627951979637144,
    0.4692954245209694,
    0.4723531270027161,
    0.4750107714533806,
    0.47780433893203733,
    0.4803442272543907,
    0.48303197741508486,
    0.48577518433332445,
    0.48825870275497435,
    0.49086360037326815,
    0.49369103550910953,
    0.49620735526084897,
    0.49863144755363464,
    0.5013785117864609,
    0.5042531788349152,
    0.5067700755596161,
    0.5095206260681152,
    0.5121314078569412,
    0.5145998013019562,
    0.5169179737567902,
    0.5196915864944458,
    0.5219314086437226,
    0.5244723093509674,
    0.5268808686733246,
    0.5294417262077331,
    0.5320324122905731,
    0.534507406949997,
    0.5372298282384872,
    0.5401607751846313,
    0.5425445020198822,
    0.5450569677352906,
    0.5474957740306854,
    0.5502899694442749,
    0.5531996262073516,
    0.5562092959880829,
    0.5596371495723724,
    0.5631341409683227,
    0.566328758597374,
    0.5697631084918976,
    0.573480635881424,
    0.5771364092826843,
    0.5813780403137208,
    0.5855161213874817,
    0.5902492874860764,
    0.5952905535697937,
    0.6002938050031662,
    0.6059814858436584,
    0.6115279489755631,
    0.6174540162086487,
    0.6230471700429916,
    0.630284036397934,
    0.6375366675853729,
    0.6456130480766297,
    0.6535345792770387,
    0.6618712306022645,
    0.6709643572568894,
    0.6821719717979432,
    0.6940308690071106,
    0.7054764091968536,
    0.7199924945831299,
    0.7342013478279112,
    0.7531419169902801,
    0.7752938306331635,
    0.8047872167825698,
    0.9786332249641418
  ],
  "saved_at": "2026-06-24T08:44:24.166257",
  "model_version": "tcn_v20260624_084424"
}