{
  "model_type": "binary_classifier",
  "architecture": "TCN",
  "n_features": 30,
  "channels": 32,
  "lookback": 20,
  "dilations": [
    1,
    2,
    4
  ],
  "kernel_size": 3,
  "dropout": 0.4,
  "weight_decay": 0.0005,
  "train_auc": 0.6976,
  "test_auc": 0.537,
  "cv_auc_mean": null,
  "cv_auc_std": null,
  "overfit_gap": 0.1607,
  "quality_pass": true,
  "training_samples": 5547,
  "purging_days": 20,
  "training_duration": 8.0,
  "calibration": [
    0.061697833240032196,
    0.20871873199939728,
    0.24373000025749206,
    0.26347890198230745,
    0.28026877999305727,
    0.29102614223957063,
    0.2992762506008148,
    0.31027561545372007,
    0.3220503258705139,
    0.33095479249954224,
    0.337604945898056,
    0.34610050976276396,
    0.3526469278335571,
    0.35985283613204955,
    0.3648177456855774,
    0.3704552263021469,
    0.375040637254715,
    0.3798048806190491,
    0.38436432361602785,
    0.389851713180542,
    0.3946876645088196,
    0.39925905644893644,
    0.4044003248214722,
    0.4085673522949219,
    0.4125848162174225,
    0.4173557460308075,
    0.4216609811782837,
    0.42527370750904087,
    0.42879462957382203,
    0.43285998940467835,
    0.4367961287498474,
    0.44053084433078765,
    0.4444148886203766,
    0.44815275371074675,
    0.4522070646286011,
    0.45627160370349884,
    0.4596309232711792,
    0.46369731187820434,
    0.46729821085929873,
    0.4707629406452179,
    0.4745757162570953,
    0.4783999443054199,
    0.4817773020267486,
    0.4854260873794556,
    0.48939205408096315,
    0.4926055103540421,
    0.496723028421402,
    0.5004977071285248,
    0.5044365692138671,
    0.5078795731067658,
    0.5116739869117737,
    0.5150024378299713,
    0.5182227325439454,
    0.5222004282474518,
    0.5252309107780456,
    0.5295716226100922,
    0.5333333039283753,
    0.5363280463218689,
    0.540025885105133,
    0.54342036485672,
    0.5467701077461242,
    0.5500649273395538,
    0.5538063311576843,
    0.556914268732071,
    0.5609535956382752,
    0.5659429848194122,
    0.5703777933120727,
    0.5737617695331574,
    0.5775390195846558,
    0.5813384079933166,
    0.585342001914978,
    0.5898047864437104,
    0.5937458682060242,
    0.5979288017749786,
    0.6026197361946106,
    0.6062783300876617,
    0.6113132977485657,
    0.6170666480064392,
    0.621380045413971,
    0.6278349351882935,
    0.6339926719665527,
    0.638921582698822,
    0.6441502594947813,
    0.6502119505405426,
    0.6584235668182373,
    0.6640394687652588,
    0.6705799984931946,
    0.6765473639965057,
    0.6846189975738527,
    0.6928506004810333,
    0.7015566110610962,
    0.7101196503639222,
    0.7213181447982788,
    0.7320734059810639,
    0.7426491546630859,
    0.7557073056697845,
    0.7745322251319884,
    0.7913136267662048,
    0.8166497445106506,
    0.8432130587100982,
    0.916111946105957
  ],
  "saved_at": "2026-06-27T17:11:48.046649",
  "model_version": "tcn_v20260627_171148"
}