{
  "model_type": "binary_classifier",
  "architecture": "TCN",
  "n_features": 30,
  "channels": 32,
  "lookback": 20,
  "dilations": [
    1,
    2,
    4
  ],
  "kernel_size": 3,
  "dropout": 0.4,
  "weight_decay": 0.0005,
  "train_auc": 0.9952,
  "test_auc": 0.406,
  "cv_auc_mean": null,
  "cv_auc_std": null,
  "overfit_gap": 0.5892,
  "quality_pass": false,
  "training_samples": 532,
  "purging_days": 20,
  "training_duration": 2.8,
  "calibration": [
    0.0044372775591909885,
    0.006742318077012897,
    0.007830629898235202,
    0.00871747463941574,
    0.010876048170030118,
    0.011969505762681364,
    0.013581755328923464,
    0.015271987793967129,
    0.01648058958351612,
    0.01817226121202111,
    0.018620259687304498,
    0.019261720497161152,
    0.021279770731925964,
    0.022766750846058132,
    0.023915288969874382,
    0.025781509093940256,
    0.027319675236940386,
    0.02824773894622923,
    0.030388274006545545,
    0.033909971192479134,
    0.0356674574315548,
    0.041816571541130526,
    0.047546428814530375,
    0.049730946831405186,
    0.056650915145874024,
    0.06273966655135155,
    0.06851804241538048,
    0.0804943858087063,
    0.08570447355508805,
    0.09485267765820021,
    0.10233804732561104,
    0.11589336141943926,
    0.12387279838323594,
    0.13267391040921214,
    0.1470755347609521,
    0.17870684862136835,
    0.20194730043411252,
    0.253292181044817,
    0.2792872178554535,
    0.32452216833829883,
    0.3977491974830628,
    0.4419481173157691,
    0.4868379020690915,
    0.5905083811283103,
    0.6632490682601929,
    0.7269229710102083,
    0.7686171758174898,
    0.8026428139209747,
    0.8254293775558471,
    0.8419329053163529,
    0.8666270971298218,
    0.8788450902700424,
    0.8859454202651977,
    0.8935426610708237,
    0.9016220784187317,
    0.9050049990415573,
    0.9115105819702148,
    0.9176023495197296,
    0.9249794137477874,
    0.9298954606056213,
    0.9329860806465149,
    0.9354596036672592,
    0.9378763830661774,
    0.9428366112709046,
    0.9446743512153626,
    0.9470300883054733,
    0.9490708363056183,
    0.9525031471252442,
    0.954024589061737,
    0.9572927248477936,
    0.9588563621044159,
    0.9611933892965316,
    0.9626869177818298,
    0.964523783326149,
    0.9661231732368469,
    0.9673068523406982,
    0.9683975172042847,
    0.9706914508342743,
    0.9721988046169281,
    0.9729605680704116,
    0.9739134073257446,
    0.9742299491167069,
    0.9756787812709808,
    0.9761981517076492,
    0.9773054790496826,
    0.9780227333307266,
    0.9789175701141357,
    0.9801932924985886,
    0.9813260793685913,
    0.982664749622345,
    0.9829490423202515,
    0.9841298884153367,
    0.9847687911987305,
    0.9855450636148453,
    0.98651251912117,
    0.9871874302625656,
    0.9885678029060364,
    0.98920294880867,
    0.9902230250835419,
    0.9922202378511429,
    0.9963842630386353
  ],
  "saved_at": "2026-06-22T13:47:27.524880",
  "model_version": "tcn_v20260622_134727"
}