{
  "parameters": {
    "n_estimators": 200,
    "max_depth": 2,
    "learning_rate": 0.05,
    "subsample": 0.7,
    "colsample_bytree": 0.6,
    "min_child_weight": 30,
    "reg_alpha": 1.0,
    "reg_lambda": 3.0,
    "scale_pos_weight": 1.0
  },
  "model_type": "binary_classifier",
  "target_definition": "top 25% / bottom 25% return in 10d (neutral zone)",
  "training_samples": 21996,
  "positive_rate": 0.5069,
  "cv_auc_mean": 0.5179,
  "cv_auc_std": 0.0271,
  "train_auc": 0.6435,
  "test_auc": 0.5671,
  "test_logloss": 0.6865,
  "overfit_gap": 0.0764,
  "quality_pass": true,
  "training_duration": 1.7,
  "saved_at": "2026-03-01T23:57:54.143549",
  "model_version": "xgboost_v20260301_235754",
  "feature_importances": [
    [
      "vix_change_5d",
      0.085086
    ],
    [
      "bullish_fractal_5d",
      0.062571
    ],
    [
      "atr_ratio",
      0.055295
    ],
    [
      "adx_di_diff",
      0.054673
    ],
    [
      "vix_level",
      0.053294
    ],
    [
      "macd_diff_change",
      0.051135
    ],
    [
      "fisher",
      0.050937
    ],
    [
      "price_sma_5_ratio",
      0.048911
    ],
    [
      "rs_vs_mkt_3m",
      0.048403
    ],
    [
      "vzo",
      0.044239
    ],
    [
      "high_52w_ratio",
      0.0396
    ],
    [
      "sp500_1m",
      0.038951
    ],
    [
      "adx",
      0.037826
    ],
    [
      "vol_ratio",
      0.036067
    ],
    [
      "macd_slope_5d",
      0.03573
    ],
    [
      "macd_diff",
      0.0351
    ],
    [
      "mom_accel",
      0.034303
    ],
    [
      "bb_width",
      0.033557
    ],
    [
      "candle_body",
      0.030082
    ],
    [
      "vol_change",
      0.027377
    ],
    [
      "rs_vs_mkt_1m",
      0.02546
    ],
    [
      "rsi_mfi_div",
      0.02499
    ],
    [
      "cmf",
      0.024094
    ],
    [
      "obv_change",
      0.022318
    ],
    [
      "sqzmi",
      0.0
    ]
  ],
  "calibration": [
    0.29336339235305786,
    0.360937694311142,
    0.379719899892807,
    0.38810735046863554,
    0.39543994069099425,
    0.40105968713760376,
    0.40686938643455506,
    0.412081692814827,
    0.41649628162384034,
    0.4206670308113098,
    0.4244719386100769,
    0.42762623727321625,
    0.4307437014579773,
    0.4331490069627762,
    0.435683079957962,
    0.4379152238368988,
    0.4399266815185547,
    0.4423814582824707,
    0.44533618092536925,
    0.44745615005493167,
    0.44973194003105166,
    0.4520144784450531,
    0.45393104434013365,
    0.4561419850587845,
    0.458376396894455,
    0.46046212315559387,
    0.4621616804599762,
    0.46390438377857207,
    0.46563165307044985,
    0.46757575213909147,
    0.46906574368476867,
    0.4704080981016159,
    0.47174730062484743,
    0.47361403703689575,
    0.47564839959144595,
    0.4773889631032944,
    0.47900536060333254,
    0.4806685268878937,
    0.48228930950164794,
    0.4841508430242539,
    0.48546222448348997,
    0.4870405000448227,
    0.48867103934288025,
    0.4901120454072952,
    0.4918670952320099,
    0.49344438016414643,
    0.49486228346824646,
    0.49612691402435305,
    0.49751508712768555,
    0.49888882637023924,
    0.5003690719604492,
    0.5019227242469788,
    0.5030952596664429,
    0.5049466049671173,
    0.5062796235084533,
    0.5078764677047729,
    0.5097862029075623,
    0.5118002164363861,
    0.5132894659042359,
    0.5147075939178467,
    0.5163781523704529,
    0.5177521646022797,
    0.5191221332550049,
    0.5206554889678955,
    0.5225378441810608,
    0.5240220248699188,
    0.5255021476745605,
    0.5268684720993042,
    0.528738055229187,
    0.5299393928050995,
    0.5312340259552002,
    0.5328631937503815,
    0.5343832445144653,
    0.5362291646003723,
    0.5377017211914062,
    0.5396498739719391,
    0.5414595794677735,
    0.5437663650512695,
    0.5456731152534485,
    0.5480010569095611,
    0.5497478127479554,
    0.5517561745643615,
    0.5537005019187927,
    0.555621075630188,
    0.5580224752426147,
    0.5604701697826386,
    0.5631037282943726,
    0.5661830198764801,
    0.5694616341590881,
    0.5722536444664001,
    0.575196361541748,
    0.5790562450885772,
    0.5833065915107727,
    0.5869195663928986,
    0.5910212874412537,
    0.5962743639945983,
    0.6041399502754211,
    0.6134071469306944,
    0.6249142479896546,
    0.6444834887981414,
    0.7129337191581726
  ]
}