{
  "parameters": {
    "n_estimators": 200,
    "max_depth": 3,
    "learning_rate": 0.05,
    "subsample": 0.7,
    "colsample_bytree": 0.6,
    "min_child_weight": 25,
    "reg_alpha": 1.0,
    "reg_lambda": 3.0
  },
  "model_type": "ranker",
  "target_definition": "top 25% / bottom 25% return in 10d (neutral zone)",
  "training_samples": 20792,
  "positive_rate": 0.5068,
  "cv_auc_mean": 0.5141,
  "cv_auc_std": 0.0479,
  "purging_days": 10,
  "train_auc": 0.6426,
  "test_auc": 0.5627,
  "test_logloss": null,
  "overfit_gap": 0.0799,
  "quality_pass": true,
  "training_duration": 6.7,
  "saved_at": "2026-06-24T08:39:01.296214",
  "model_version": "xgboost_ranker_v20260624_083901",
  "feature_importances": [
    [
      "bullish_fractal_5d",
      0.079831
    ],
    [
      "ema130_ratio",
      0.060676
    ],
    [
      "mfi",
      0.060295
    ],
    [
      "bb_width",
      0.056585
    ],
    [
      "price_sma_5_ratio",
      0.043652
    ],
    [
      "atr_ratio",
      0.043256
    ],
    [
      "low_52w_ratio",
      0.038552
    ],
    [
      "bb_position",
      0.03831
    ],
    [
      "adx",
      0.035844
    ],
    [
      "tnx_change_1m",
      0.034559
    ],
    [
      "fisher",
      0.033027
    ],
    [
      "vzo",
      0.032842
    ],
    [
      "nasdaq_1m",
      0.032805
    ],
    [
      "high_52w_ratio",
      0.031542
    ],
    [
      "sp500_1m",
      0.030111
    ],
    [
      "gold_1m",
      0.028765
    ],
    [
      "mom_accel",
      0.028326
    ],
    [
      "yield_spread",
      0.028093
    ],
    [
      "rsi",
      0.027811
    ],
    [
      "macd_diff",
      0.026631
    ],
    [
      "tnx_level",
      0.026478
    ],
    [
      "oil_1m",
      0.024436
    ],
    [
      "rs_vs_mkt_3m",
      0.023704
    ],
    [
      "rs_vs_mkt_6m",
      0.021926
    ],
    [
      "csi300_1m",
      0.020951
    ],
    [
      "cci_pct",
      0.019157
    ],
    [
      "macd_slope_5d",
      0.019123
    ],
    [
      "vix_change_5d",
      0.018937
    ],
    [
      "obv_trend",
      0.017817
    ],
    [
      "vix_level",
      0.015956
    ]
  ],
  "calibration": [
    -1.2637691497802734,
    -0.9568869990110398,
    -0.8912065756320954,
    -0.8542030054330826,
    -0.820327353477478,
    -0.7872764319181442,
    -0.7577920615673065,
    -0.7326796758174896,
    -0.7101329970359802,
    -0.6921024745702744,
    -0.6719656825065612,
    -0.6547791826725006,
    -0.6371787285804749,
    -0.6215475380420685,
    -0.6068075215816497,
    -0.592124730348587,
    -0.5781537246704103,
    -0.5642116397619247,
    -0.5506851184368133,
    -0.5375095683336258,
    -0.5239265441894531,
    -0.5118892711400985,
    -0.501533944606781,
    -0.4908958959579468,
    -0.4802944350242615,
    -0.4702414497733116,
    -0.45793326556682584,
    -0.44879195690155027,
    -0.43970628976821896,
    -0.42819954723119735,
    -0.4172031104564667,
    -0.4068935143947601,
    -0.3965035688877106,
    -0.3861443141102791,
    -0.377053964138031,
    -0.36796241849660877,
    -0.35947389364242555,
    -0.3497323280572891,
    -0.34118636190891266,
    -0.33186505228281016,
    -0.3224912643432617,
    -0.3116913351416588,
    -0.30253856658935546,
    -0.29230597376823425,
    -0.282490850687027,
    -0.271380417048931,
    -0.2620112264156342,
    -0.25122392624616624,
    -0.24205445528030395,
    -0.23194794803857804,
    -0.22262777388095856,
    -0.21317547798156736,
    -0.2040517145395279,
    -0.1958887580037116,
    -0.1865690791606903,
    -0.1771633200347423,
    -0.16604261636734002,
    -0.15637242645025262,
    -0.14653629571199414,
    -0.13561720728874208,
    -0.12618796825408937,
    -0.1162330961972475,
    -0.10721673607826233,
    -0.09652832314372063,
    -0.08625448465347292,
    -0.07609947659075256,
    -0.06715811252593991,
    -0.05679941434413195,
    -0.04510695323348035,
    -0.03514134276658306,
    -0.02319575995206883,
    -0.010440397774800665,
    0.003082821974530759,
    0.015697397179901554,
    0.028647622540593227,
    0.04263266082853079,
    0.05577562779188155,
    0.06828982718288902,
    0.08253875464200973,
    0.09786342307925225,
    0.11242427229881305,
    0.126028675287962,
    0.14094271451234802,
    0.16182037457823753,
    0.1804216873645782,
    0.2000629983842372,
    0.2187195429205895,
    0.23930484771728522,
    0.25997190713882445,
    0.2845101448893547,
    0.3129379332065583,
    0.34498531401157384,
    0.37430927038192746,
    0.40718125343322786,
    0.444962043762207,
    0.49258914887905114,
    0.5457194805145263,
    0.6113683992624281,
    0.6860405087471004,
    0.8136066478490831,
    1.4304994344711304
  ],
  "tune_log": null
}