{
  "parameters": {
    "n_estimators": 200,
    "max_depth": 3,
    "learning_rate": 0.05,
    "subsample": 0.7,
    "colsample_bytree": 0.6,
    "min_child_weight": 25,
    "reg_alpha": 1.0,
    "reg_lambda": 3.0
  },
  "model_type": "ranker",
  "target_definition": "top 25% / bottom 25% return in 10d (neutral zone)",
  "training_samples": 645,
  "positive_rate": 0.5721,
  "cv_auc_mean": null,
  "cv_auc_std": null,
  "purging_days": 10,
  "train_auc": 0.8494,
  "test_auc": 0.5228,
  "test_logloss": null,
  "overfit_gap": 0.3266,
  "quality_pass": true,
  "training_duration": 0.1,
  "saved_at": "2026-06-22T13:47:24.636774",
  "model_version": "xgboost_ranker_v20260622_134724",
  "feature_importances": [
    [
      "ema130_ratio",
      0.072002
    ],
    [
      "rsi",
      0.066659
    ],
    [
      "macd_diff",
      0.063425
    ],
    [
      "yield_spread",
      0.047943
    ],
    [
      "high_52w_ratio",
      0.045382
    ],
    [
      "cci_pct",
      0.044966
    ],
    [
      "obv_trend",
      0.043481
    ],
    [
      "tnx_change_1m",
      0.043273
    ],
    [
      "macd_slope_5d",
      0.040953
    ],
    [
      "sp500_1m",
      0.039009
    ],
    [
      "rs_vs_mkt_3m",
      0.03854
    ],
    [
      "low_52w_ratio",
      0.037045
    ],
    [
      "bb_width",
      0.037043
    ],
    [
      "nasdaq_1m",
      0.03659
    ],
    [
      "bb_position",
      0.035238
    ],
    [
      "price_sma_5_ratio",
      0.034983
    ],
    [
      "atr_ratio",
      0.032702
    ],
    [
      "oil_1m",
      0.029809
    ],
    [
      "vzo",
      0.028386
    ],
    [
      "mom_accel",
      0.027584
    ],
    [
      "fisher",
      0.027196
    ],
    [
      "gold_1m",
      0.024499
    ],
    [
      "mfi",
      0.023957
    ],
    [
      "adx",
      0.023816
    ],
    [
      "tnx_level",
      0.019783
    ],
    [
      "bullish_fractal_5d",
      0.015504
    ],
    [
      "vix_level",
      0.012426
    ],
    [
      "csi300_1m",
      0.007809
    ],
    [
      "rs_vs_mkt_6m",
      0.0
    ],
    [
      "vix_change_5d",
      0.0
    ]
  ],
  "calibration": [
    -1.5026487112045288,
    -1.3626504611968995,
    -1.316806960105896,
    -1.2749784088134766,
    -1.223626561164856,
    -1.1981141090393066,
    -1.1646644401550292,
    -1.0960795068740845,
    -1.0820708131790162,
    -1.0350169706344605,
    -0.9814386963844299,
    -0.911558175086975,
    -0.847655565738678,
    -0.805249011516571,
    -0.7694442534446716,
    -0.7519738078117371,
    -0.7359699344635009,
    -0.7016089582443237,
    -0.6847881722450256,
    -0.658410062789917,
    -0.6275344967842101,
    -0.6110244011878967,
    -0.5831992053985595,
    -0.5688548231124878,
    -0.5404178071022033,
    -0.524539589881897,
    -0.5033512890338898,
    -0.4609980249404907,
    -0.4386885285377502,
    -0.4220034408569336,
    -0.3997957885265352,
    -0.35561853647232056,
    -0.3324484658241272,
    -0.30694348335266103,
    -0.28670480847358704,
    -0.2707721054553987,
    -0.24874685049057008,
    -0.23629876375198364,
    -0.2193948346376419,
    -0.20004686772823335,
    -0.18953252732753748,
    -0.17319958448410036,
    -0.15892683982849118,
    -0.1484979087114334,
    -0.10977919399738302,
    -0.08647282719612119,
    -0.07468500256538389,
    -0.05501133561134337,
    -0.04007868930697441,
    -0.019441340565681448,
    0.02135121449828148,
    0.04509473770856856,
    0.060958841294050214,
    0.07943633794784544,
    0.09037039995193495,
    0.10662507265806202,
    0.13271404623985314,
    0.1502856034040449,
    0.1697438257932663,
    0.18301587641239156,
    0.19431373178958888,
    0.20272719442844384,
    0.21402386963367462,
    0.22341790795326233,
    0.24969117820262918,
    0.26129887104034427,
    0.2745797622203827,
    0.29675113439559936,
    0.3038595306873322,
    0.318191601037979,
    0.3326612353324889,
    0.3570896482467651,
    0.37680792331695556,
    0.3955293917655945,
    0.4246681785583496,
    0.43322598934173584,
    0.4609158706665039,
    0.4741717004776001,
    0.5102800273895264,
    0.55158185005188,
    0.5677909970283509,
    0.5869187545776366,
    0.6156355404853818,
    0.6514899492263793,
    0.6852813768386842,
    0.7094388246536255,
    0.7321832942962647,
    0.7733093881607056,
    0.8066207027435304,
    0.8426758551597593,
    0.8657609701156617,
    0.8962680315971373,
    0.918504376411438,
    0.9335023283958435,
    0.9716312742233277,
    0.9982359766960143,
    1.041196713447571,
    1.0772724676132195,
    1.1716003608703613,
    1.238807554244995,
    1.6350921392440796
  ],
  "tune_log": null
}