{
  "parameters": {
    "n_estimators": 200,
    "max_depth": 3,
    "learning_rate": 0.05,
    "subsample": 0.7,
    "colsample_bytree": 0.6,
    "min_child_weight": 25,
    "reg_alpha": 1.0,
    "reg_lambda": 3.0
  },
  "model_type": "ranker",
  "target_definition": "top 25% / bottom 25% return in 10d (neutral zone)",
  "training_samples": 6707,
  "positive_rate": 0.5068,
  "cv_auc_mean": null,
  "cv_auc_std": null,
  "purging_days": 10,
  "train_auc": 0.6876,
  "test_auc": 0.5225,
  "test_logloss": null,
  "overfit_gap": 0.1651,
  "quality_pass": true,
  "training_duration": 0.3,
  "saved_at": "2026-06-27T17:11:39.370769",
  "model_version": "xgboost_ranker_v20260627_171139",
  "feature_importances": [
    [
      "mfi",
      0.078087
    ],
    [
      "low_52w_ratio",
      0.063203
    ],
    [
      "obv_trend",
      0.055296
    ],
    [
      "atr_ratio",
      0.04958
    ],
    [
      "fisher",
      0.048629
    ],
    [
      "macd_diff",
      0.046897
    ],
    [
      "rs_vs_mkt_3m",
      0.046483
    ],
    [
      "rs_vs_mkt_6m",
      0.042597
    ],
    [
      "bullish_fractal_5d",
      0.042458
    ],
    [
      "ema130_ratio",
      0.041812
    ],
    [
      "bb_width",
      0.041079
    ],
    [
      "mom_accel",
      0.039129
    ],
    [
      "vzo",
      0.034206
    ],
    [
      "high_52w_ratio",
      0.031073
    ],
    [
      "nasdaq_1m",
      0.030791
    ],
    [
      "macd_slope_5d",
      0.029944
    ],
    [
      "vix_level",
      0.02987
    ],
    [
      "gold_1m",
      0.027786
    ],
    [
      "bb_position",
      0.026173
    ],
    [
      "rsi",
      0.023657
    ],
    [
      "adx",
      0.021148
    ],
    [
      "tnx_change_1m",
      0.020865
    ],
    [
      "sp500_1m",
      0.020791
    ],
    [
      "tnx_level",
      0.019042
    ],
    [
      "vix_change_5d",
      0.018192
    ],
    [
      "oil_1m",
      0.017964
    ],
    [
      "price_sma_5_ratio",
      0.015794
    ],
    [
      "cci_pct",
      0.013392
    ],
    [
      "csi300_1m",
      0.01241
    ],
    [
      "yield_spread",
      0.01165
    ]
  ],
  "calibration": [
    -1.8008735179901123,
    -1.5468381595611571,
    -1.4567323207855225,
    -1.3843622994422913,
    -1.312506833076477,
    -1.256665873527527,
    -1.2059301567077636,
    -1.1619500160217284,
    -1.1302624320983887,
    -1.0950251269340516,
    -1.061197829246521,
    -1.0291711139678956,
    -1.0064439868927002,
    -0.9838584434986114,
    -0.9596778917312622,
    -0.9324623107910156,
    -0.9124177622795105,
    -0.886857361793518,
    -0.8624691033363343,
    -0.8471679878234863,
    -0.8235191464424133,
    -0.7978805649280548,
    -0.7801302337646484,
    -0.759985829591751,
    -0.7423250007629396,
    -0.7258305549621582,
    -0.7083080506324768,
    -0.6924589824676514,
    -0.6753623461723327,
    -0.6606532883644104,
    -0.6423920869827271,
    -0.6280884981155395,
    -0.6132014298439026,
    -0.5977462685108185,
    -0.5821130132675171,
    -0.5708420157432557,
    -0.5566657400131225,
    -0.5434643948078156,
    -0.5309080529212952,
    -0.5167412543296813,
    -0.5033811330795288,
    -0.4906505113840103,
    -0.4772531402111054,
    -0.4639647483825684,
    -0.44852287292480475,
    -0.4337870955467224,
    -0.41555463075637816,
    -0.4030443912744523,
    -0.3876622939109803,
    -0.3748311942815781,
    -0.3602477014064789,
    -0.34633902490139007,
    -0.3314090752601623,
    -0.31543171823024746,
    -0.2995989108085632,
    -0.2865301489830017,
    -0.274417815208435,
    -0.2575234830379487,
    -0.24450322508811953,
    -0.22909850090742112,
    -0.21268418729305272,
    -0.19597690403461457,
    -0.181579697728157,
    -0.16320138007402438,
    -0.1460020565986633,
    -0.13153673708438868,
    -0.11400335937738419,
    -0.09671143457293502,
    -0.08251992434263233,
    -0.06501079410314561,
    -0.04606578871607785,
    -0.027202006205916448,
    -0.011212115660309796,
    0.006102154226973705,
    0.024207968786358763,
    0.04293864779174328,
    0.06093133643269546,
    0.07842847019433972,
    0.10048514008522076,
    0.12456379696726812,
    0.14957923293113715,
    0.176168493330479,
    0.21027188897132876,
    0.23220644176006297,
    0.25725801825523376,
    0.2869123876094818,
    0.3179378199577331,
    0.3539864230155945,
    0.3917890870571134,
    0.4411917072534562,
    0.4818046748638155,
    0.5192003846168518,
    0.5631515669822693,
    0.6195916450023651,
    0.6837715172767623,
    0.7451514720916742,
    0.8363815879821772,
    0.9314350247383112,
    1.0684673929214479,
    1.2461150074005118,
    1.849647879600525
  ],
  "tune_log": null
}