{
  "parameters": {
    "n_estimators": 200,
    "max_depth": 2,
    "learning_rate": 0.05,
    "subsample": 0.7,
    "colsample_bytree": 0.6,
    "min_child_weight": 30,
    "reg_alpha": 1.0,
    "reg_lambda": 3.0,
    "scale_pos_weight": 1.0
  },
  "model_type": "binary_classifier",
  "target_definition": "top 25% / bottom 25% return in 10d (neutral zone)",
  "training_samples": 21276,
  "positive_rate": 0.5069,
  "cv_auc_mean": 0.5159,
  "cv_auc_std": 0.0302,
  "purging_days": 10,
  "train_auc": 0.6485,
  "test_auc": 0.5769,
  "test_logloss": 0.6838,
  "overfit_gap": 0.0716,
  "quality_pass": true,
  "training_duration": 0.8,
  "saved_at": "2026-03-02T11:10:03.533238",
  "model_version": "xgboost_v20260302_111003",
  "feature_importances": [
    [
      "vix_change_5d",
      0.08614
    ],
    [
      "bullish_fractal_5d",
      0.085367
    ],
    [
      "vix_level",
      0.069274
    ],
    [
      "atr_ratio",
      0.068343
    ],
    [
      "vzo",
      0.063461
    ],
    [
      "sp500_1m",
      0.059678
    ],
    [
      "fisher",
      0.05826
    ],
    [
      "price_sma_5_ratio",
      0.055803
    ],
    [
      "adx_di_diff",
      0.054709
    ],
    [
      "rs_vs_mkt_3m",
      0.052809
    ],
    [
      "high_52w_ratio",
      0.052531
    ],
    [
      "macd_slope_5d",
      0.051846
    ],
    [
      "bb_width",
      0.049162
    ],
    [
      "adx",
      0.047776
    ],
    [
      "macd_diff",
      0.042488
    ],
    [
      "cmf",
      0.037073
    ],
    [
      "mom_accel",
      0.034896
    ],
    [
      "vol_ratio",
      0.030385
    ]
  ],
  "calibration": [
    0.3005423843860626,
    0.35776599824428557,
    0.3742762291431427,
    0.38834227800369264,
    0.3975774943828583,
    0.40503082275390623,
    0.41068933844566347,
    0.41516702353954316,
    0.4188662683963776,
    0.4235083222389221,
    0.42710642218589784,
    0.43124631166458127,
    0.43479846835136415,
    0.43889325559139253,
    0.4421433711051941,
    0.44543165266513823,
    0.44865310430526734,
    0.4525826716423035,
    0.45544020175933836,
    0.4576875811815262,
    0.4600816786289215,
    0.46234264254570007,
    0.464025993347168,
    0.465725417137146,
    0.4678337287902832,
    0.4704560935497284,
    0.47250813484191895,
    0.4745558089017868,
    0.4761693501472473,
    0.47772408843040465,
    0.47996307015419004,
    0.4814534318447113,
    0.483281112909317,
    0.4850172299146652,
    0.4864615750312805,
    0.48811544179916383,
    0.48944363951683045,
    0.4915921133756638,
    0.49309385538101197,
    0.4946897280216217,
    0.496329540014267,
    0.4979544961452484,
    0.49966624736785886,
    0.5013707113265992,
    0.5033162999153137,
    0.505075740814209,
    0.5062826704978943,
    0.5078758513927459,
    0.5095076060295105,
    0.5112094902992248,
    0.5132062435150146,
    0.5152726900577546,
    0.5165579223632812,
    0.5181185209751129,
    0.5196106815338135,
    0.5209025800228119,
    0.5225256562232972,
    0.524001475572586,
    0.5255794525146484,
    0.5269731152057647,
    0.5284689664840698,
    0.5298346447944641,
    0.5315330076217651,
    0.5329734504222869,
    0.5345569705963135,
    0.5363040685653686,
    0.5379221224784851,
    0.5396099817752839,
    0.5409041547775268,
    0.5424235963821411,
    0.5440628409385682,
    0.5456048583984375,
    0.5471827483177185,
    0.5487310135364533,
    0.5505509185791015,
    0.5520790219306946,
    0.5535824775695801,
    0.5559455168247223,
    0.5579938459396362,
    0.5597061848640442,
    0.561807143688202,
    0.5640963625907898,
    0.5662500214576721,
    0.5684589242935181,
    0.5702830576896667,
    0.5726444065570832,
    0.5748923373222351,
    0.5774288547039031,
    0.57928879737854,
    0.5820974135398865,
    0.5845556139945983,
    0.5875452768802643,
    0.5913446044921875,
    0.5955258274078369,
    0.6000470042228698,
    0.6061181306838989,
    0.6142176127433777,
    0.621898295879364,
    0.6358260893821717,
    0.6532856225967406,
    0.7327544689178467
  ]
}